Workbook

Sheet PowerHouse Data
B1: Date Equipments | C1: 46265 | D1: 46266 | E1: 46267 | F1: 46268 | G1: 46269 | H1: 46270 | I1: 46271 | J1: 46272 | K1: 46273 | L1: 46274 | M1: 46275 | N1: 46276 | O1: 46277 | P1: 46278 | Q1: 46279 | R1: 46280 | S1: 46281 | T1: 46282 | U1: 46283 | V1: 46284 | W1: 46285 | X1: 46286 | Y1: 46287 | Z1: 46288 | AA1: 46289 | AB1: 46290 | AC1: 46291 | AD1: 46292 | AE1: 46293 | AF1: 46294 | AG1: 46295 | AH1: 46296
B2: Diesel Dip reading (mm) | C2: 2244 | D2: 2242 | E2: 2242 | F2: 2236 | G2: 2236 | H2: 2236 | I2: 2220 | J2: 2220 | K2: 2178 | L2: 2160 | M2: 2156 | N2: 2146 | O2: 2146 | P2: 2146 | Q2: 2146 | R2: 2146 | S2: 2126
B3: Diesel RECEIVED | C3: 0 | D3: 0 | E3: 0 | F3: 0 | G3: 0 | H3: 0 | I3: 0 | J3: 0 | K3: 0 | L3: 0 | M3: 0 | N3: 0 | O3: 0 | P3: 0 | Q3: 0 | R3: 0 | S3: 0
B4: Diesel ISSUED | C4: 0 | D4: 33 | E4: 0 | F4: 38 | G4: 0 | H4: 56 | I4: 10 | J4: 0 | K4: 712 | L4: 10 | M4: 28 | N4: 38 | O4: 0 | P4: 66 | Q4: 0 | R4: 10 | S4: 277
B5: Service Tanks | C5: 5184 | D5: 5184 | E5: 5184 | F5: 5184 | G5: 5184 | H5: =G5-H4 -> 5128 | I5: 5184 | J5: 5184 | K5: 5184 | L5: 5184 | M5: 5184 | N5: 5184 | O5: 5184 | P5: =O5-P4 -> 5118 | Q5: 5118 | R5: 5108 | S5: 5184
B6: Nepa meter reading (KWH) | C6: 24323210 | D6: 24324380 | E6: 24325660 | F6: 24326800 | G6: 24328160 | H6: 24329420 | I6: 24330310 | J6: 24331300 | K6: 24332540 | L6: 24333580 | M6: 24334800 | N6: 24335820 | O6: 24336970 | P6: 24338040 | Q6: 24339030 | R6: 24340100 | S6: 24340840
B7: MILLING (KWH) | C7: 3492166 | D7: 3492168 | E7: 3492168 | F7: 3492168 | G7: 3492168 | H7: 3492168 | I7: 3492168 | J7: 3492168 | K7: 3492168 | L7: 3492168 | M7: 3492168 | N7: 3492168 | O7: 3492168 | P7: 3492168 | Q7: 3492168 | R7: 3492168 | S7: 3492168
B8: UTILITY / PARBOILING (KWH) | C8: 482528 | D8: 483902 | E8: 485381 | F8: 486728 | G8: 488279 | H8: 489717 | I8: 490748 | J8: 491828 | K8: 493324 | L8: 494550 | M8: 495946 | N8: 497106 | O8: 498500 | P8: 499743 | Q8: 500939 | R8: 502219 | S8: 503113
B9: 1-Comp E75 reading (Hours) | C9: 4033 | D9: 4033 | E9: 4033 | F9: 4033 | G9: 4033 | H9: 4033 | I9: 4033 | J9: 4033 | K9: 4033 | L9: 4033 | M9: 4033 | N9: 4033 | O9: 4033 | P9: 4033 | Q9: 4033 | R9: 4033 | S9: 4033
B10: 2-Comp E75 reading (Hours) | C10: 6841 | D10: 6841 | E10: 6841 | F10: 6841 | G10: 6841 | H10: 6841 | I10: 6841 | J10: 6841 | K10: 6841 | L10: 6841 | M10: 6841 | N10: 6841 | O10: 6841 | P10: 6841 | Q10: 6841 | R10: 6841 | S10: 6841
B11: 3-Comp E75 reading (Hours) | C11: 972 | D11: 972 | E11: 972 | F11: 972 | G11: 972 | H11: 972 | I11: 972 | J11: 972 | K11: 972 | L11: 972 | M11: 972 | N11: 972 | O11: 972 | P11: 972 | Q11: 972 | R11: 972 | S11: 972
B12: 4-Comp E55 reading (Hours) | C12: 25941 | D12: 25941 | E12: 25941 | F12: 25941 | G12: 25941 | H12: 25941 | I12: 25941 | J12: 25941 | K12: 25941 | L12: 25941 | M12: 25941 | N12: 25941 | O12: 25941 | P12: 25941 | Q12: 25941 | R12: 25941 | S12: 25941
B13: Milling DG reading (Hours) | C13: 5687.4 | D13: 5687.4 | E13: 5687.4 | F13: 5688.7 | G13: 5688.7 | H13: 5688.7 | I13: 5693 | J13: 5693 | K13: 5693 | L13: 5698.7 | M13: 5699.6 | N13: 5702.5 | O13: 5702.5 | P13: 5702.5 | Q13: 5702.5 | R13: 5702.5 | S13: 5702.5
B14: Parboiling DG reading (Hours) | C14: 12538.2 | D14: 12538.2 | E14: 12538.2 | F14: 12538.2 | G14: 12538.2 | H14: 12538.2 | I14: 12538.2 | J14: 12538.2 | K14: 12538.2 | L14: 12538.2 | M14: 12538.2 | N14: 12538.2 | O14: 12538.2 | P14: 12538.2 | Q14: 12538.2 | R14: 12538.2 | S14: 12538.2
B15: Utility DG reading (Hours) | C15: 30943 | D15: 30944 | E15: 30944.7 | F15: 30944.7 | G15: 30944.7 | H15: 30944.7 | I15: 30944.7 | J15: 30944.7 | K15: 30944.7 | L15: 30944.7 | M15: 30945.4 | N15: 30946.2 | O15: 30948.5 | P15: 30949.8 | Q15: 30949.8 | R15: 30951.1 | S15: 30957
B16: Admin DG reading (Hours) | C16: 3501.8 | D16: 3502.8 | E16: 3502.8 | F16: 3502.8 | G16: 3502.8 | H16: 3502.8 | I16: 3504.2 | J16: 3504.2 | K16: 3504.2 | L16: 3504.2 | M16: 3504.2 | N16: 3504.2 | O16: 3504.2 | P16: 3504.2 | Q16: 3504.2 | R16: 3504.2 | S16: 3504.2
B17: NEPA Availablity | C17: 3501.8 | D17: 23.3 | E17: 23.3 | F17: 22.7 | G17: 24 | H17: 24 | I17: 18.3 | J17: 24 | K17: 24 | L17: 18.3 | M17: 22.4 | N17: 20.3 | O17: 21.7 | P17: 22.7 | Q17: 24 | R17: 22.7 | S17: 18

Sheet Summary
A1: Date | B1: Diesel Consumption (LTRS) | C1: Nepa Consumption (K.W.H) | D1: NEPA AVABILITY ( HH ) | E1: Comp E75 -1 Run Hours | F1: Comp E75 -2 Run Hours | G1: Comp E75 -3 Run Hours | H1: Comp E55 Run Hours | I1: Milling DG Run Hours | J1: Parboiling DG Run Hours | K1: Utility DG Run Hours | L1: Admin DG Run Hours | M1: Comp E75 -1 Rem Hours To Service | N1: Comp E75 -2 Rem Hours To Service | O1: Comp E75 -3 Rem Hours To Service | P1: Comp E55 Rem Hours To Service | Q1: Milling DG Rem Hours To Service | R1: Parboiling DG Rem Hours To Service | S1: Utility DG Rem Hours To Service | T1: Admin DG Rem Hours To Service | U1: Comp E75 -1 Next Ser Hours | V1: Comp E75 -2 Next Ser Hours | W1: Comp E75 -3 Next Ser Hours | X1: Comp E55 Next Ser Hours | Y1: Milling DG Next Ser Hours | Z1: Parboiling DG Next Ser Hours | AA1: Utility DG Next Ser Hours | AB1: Admin DG Next Ser Hours | AC1: Service tank (Liters) | AD1: Current Total stock (Liters)
A2: 46203 | B2: 0 | C2: 8630 | E2: 0 | F2: 24 | G2: 22 | H2: 0 | I2: 0 | J2: 0 | K2: 0 | L2: 0 | M2: 1452 | N2: 1245 | O2: 3052 | P2: 999 | Q2: 136.6 | R2: 105.3 | S2: =Table113456[[#This Row],[DG Utility REM SERVICE Hr]] -> 206 | T2: =Table113456[[#This Row],[DG Admin REM SERVICE Hr]] -> 38.2 | AD2: 44058
A3: ='PowerHouse Data'!$C$1 -> 46265 | B3: =Table113456[[#This Row],[Main Tank Consumption (Liters)]] -> 32.5 | C3: =Table1135[[#This Row],[NEPA Consumption (KWH)]] -> 1170 | E3: =Table113[[#This Row],[Comp E75 -1 Run Hours]] -> 0 | F3: =Table113[[#This Row],[Comp E75 -2 Run Hours]] -> 0 | G3: =Table113[[#This Row],[Comp E75 -3 Run Hours]] -> 0 | H3: =Table113[[#This Row],[Comp E55 Run Hours]] -> 0 | I3: =Table113456[[#This Row],[DG Milling Run Hours]] -> 0 | J3: =Table113456[[#This Row],[DG Parboiling Run Hours]] -> 0 | K3: =Table113456[[#This Row],[DG Utility Run Hours]] -> 1 | L3: =Table113456[[#This Row],[DG Admin Run Hours]] -> 1 | M3: =Table113[[#This Row],[Comp E75 -1 Rem Hours To Service]] -> 1407 | N3: =Table113[[#This Row],[Comp E75 -2 Rem Hours To Service]] -> 1225 | O3: =Table113[[#This Row],[Comp E75 -3 Rem Hours To Service]] -> 3028 | P3: =Table113[[#This Row],[Comp E55 Rem Hours To Service]] -> 989 | Q3: =$Y$3-Table113456[[#This Row],[DG Milling Run Hr Meter]] -> 136.6 | R3: =Table113456[[#This Row],[DG Parboil REM SERVICE Hr]] -> 105.3 | S3: =Table113456[[#This Row],[DG Utility REM SERVICE Hr]] -> 206 | T3: =Table113456[[#This Row],[DG Admin REM SERVICE Hr]] -> 37.2 | U3: 5440 | V3: 8066 | W3: 4000 | X3: 26930 | Y3: 5824 | Z3: 12643 | AA3: 31150 | AB3: 3540 | AC3: 5184 | AD3: =Diesel!I3 -> 45646.5
A4: ='PowerHouse Data'!$D$1 -> 46266 | B4: =Table113456[[#This Row],[Main Tank Consumption (Liters)]] -> 0 | C4: =Table1135[[#This Row],[NEPA Consumption (KWH)]] -> 1280 | D4: =Table1135[[#This Row],[NEPA Availablity]] -> 23.3 | E4: =Table113[[#This Row],[Comp E75 -1 Run Hours]] -> 0 | F4: =Table113[[#This Row],[Comp E75 -2 Run Hours]] -> 0 | G4: =Table113[[#This Row],[Comp E75 -3 Run Hours]] -> 0 | H4: =Table113[[#This Row],[Comp E55 Run Hours]] -> 0 | I4: =Table113456[[#This Row],[DG Milling Run Hours]] -> 0 | J4: =Table113456[[#This Row],[DG Parboiling Run Hours]] -> 0 | K4: =Table113456[[#This Row],[DG Utility Run Hours]] -> 0.7 | L4: =Table113456[[#This Row],[DG Admin Run Hours]] -> 0 | M4: =Table113[[#This Row],[Comp E75 -1 Rem Hours To Service]] -> 1407 | N4: =Table113[[#This Row],[Comp E75 -2 Rem Hours To Service]] -> 1225 | O4: =Table113[[#This Row],[Comp E75 -3 Rem Hours To Service]] -> 3028 | P4: =Table113[[#This Row],[Comp E55 Rem Hours To Service]] -> 989 | Q4: =$Y$3-Table113456[[#This Row],[DG Milling Run Hr Meter]] -> 136.6 | R4: =Table113456[[#This Row],[DG Parboil REM SERVICE Hr]] -> 105.3 | S4: =Table113456[[#This Row],[DG Utility REM SERVICE Hr]] -> 205.3 | T4: =Table113456[[#This Row],[DG Admin REM SERVICE Hr]] -> 37.2 | AC4: 5184 | AD4: =Diesel!I4 -> 45646.5
A5: ='PowerHouse Data'!$E$1 -> 46267 | B5: =Table113456[[#This Row],[Main Tank Consumption (Liters)]] -> 98.5 | C5: =Table1135[[#This Row],[NEPA Consumption (KWH)]] -> 1140 | D5: =Table1135[[#This Row],[NEPA Availablity]] -> 22.7 | E5: =Table113[[#This Row],[Comp E75 -1 Run Hours]] -> 0 | F5: =Table113[[#This Row],[Comp E75 -2 Run Hours]] -> 0 | G5: =Table113[[#This Row],[Comp E75 -3 Run Hours]] -> 0 | H5: =Table113[[#This Row],[Comp E55 Run Hours]] -> 0 | I5: =Table113456[[#This Row],[DG Milling Run Hours]] -> 1.3 | J5: =Table113456[[#This Row],[DG Parboiling Run Hours]] -> 0 | K5: =Table113456[[#This Row],[DG Utility Run Hours]] -> 0 | L5: =Table113456[[#This Row],[DG Admin Run Hours]] -> 0 | M5: =Table113[[#This Row],[Comp E75 -1 Rem Hours To Service]] -> 1407 | N5: =Table113[[#This Row],[Comp E75 -2 Rem Hours To Service]] -> 1225 | O5: =Table113[[#This Row],[Comp E75 -3 Rem Hours To Service]] -> 3028 | P5: =Table113[[#This Row],[Comp E55 Rem Hours To Service]] -> 989 | Q5: =$Y$3-Table113456[[#This Row],[DG Milling Run Hr Meter]] -> 135.3 | R5: =Table113456[[#This Row],[DG Parboil REM SERVICE Hr]] -> 105.3 | S5: =Table113456[[#This Row],[DG Utility REM SERVICE Hr]] -> 205.3 | T5: =Table113456[[#This Row],[DG Admin REM SERVICE Hr]] -> 37.2 | AD5: =Diesel!I5 -> 45548
A6: ='PowerHouse Data'!$F$1 -> 46268 | B6: =Table113456[[#This Row],[Main Tank Consumption (Liters)]] -> 0 | C6: =Table1135[[#This Row],[NEPA Consumption (KWH)]] -> 1360 | D6: =Table1135[[#This Row],[NEPA Availablity]] -> 24 | E6: =Table113[[#This Row],[Comp E75 -1 Run Hours]] -> 0 | F6: =Table113[[#This Row],[Comp E75 -2 Run Hours]] -> 0 | G6: =Table113[[#This Row],[Comp E75 -3 Run Hours]] -> 0 | H6: =Table113[[#This Row],[Comp E55 Run Hours]] -> 0 | I6: =Table113456[[#This Row],[DG Milling Run Hours]] -> 0 | J6: =Table113456[[#This Row],[DG Parboiling Run Hours]] -> 0 | K6: =Table113456[[#This Row],[DG Utility Run Hours]] -> 0 | L6: =Table113456[[#This Row],[DG Admin Run Hours]] -> 0 | M6: =Table113[[#This Row],[Comp E75 -1 Rem Hours To Service]] -> 1407 | N6: =Table113[[#This Row],[Comp E75 -2 Rem Hours To Service]] -> 1225 | O6: =Table113[[#This Row],[Comp E75 -3 Rem Hours To Service]] -> 3028 | P6: =Table113[[#This Row],[Comp E55 Rem Hours To Service]] -> 989 | Q6: =$Y$3-Table113456[[#This Row],[DG Milling Run Hr Meter]] -> 135.3 | R6: =Table113456[[#This Row],[DG Parboil REM SERVICE Hr]] -> 105.3 | S6: =Table113456[[#This Row],[DG Utility REM SERVICE Hr]] -> 205.3 | T6: =Table113456[[#This Row],[DG Admin REM SERVICE Hr]] -> 37.2 | AD6: =Diesel!I6 -> 45548
A7: ='PowerHouse Data'!$G$1 -> 46269 | B7: =Table113456[[#This Row],[Main Tank Consumption (Liters)]] -> 0 | C7: =Table1135[[#This Row],[NEPA Consumption (KWH)]] -> 1260 | D7: =Table1135[[#This Row],[NEPA Availablity]] -> 24 | E7: =Table113[[#This Row],[Comp E75 -1 Run Hours]] -> 0 | F7: =Table113[[#This Row],[Comp E75 -2 Run Hours]] -> 0 | G7: =Table113[[#This Row],[Comp E75 -3 Run Hours]] -> 0 | H7: =Table113[[#This Row],[Comp E55 Run Hours]] -> 0 | I7: =Table113456[[#This Row],[DG Milling Run Hours]] -> 0 | J7: =Table113456[[#This Row],[DG Parboiling Run Hours]] -> 0 | K7: =Table113456[[#This Row],[DG Utility Run Hours]] -> 0 | L7: =Table113456[[#This Row],[DG Admin Run Hours]] -> 0 | M7: =Table113[[#This Row],[Comp E75 -1 Rem Hours To Service]] -> 1407 | N7: =Table113[[#This Row],[Comp E75 -2 Rem Hours To Service]] -> 1225 | O7: =Table113[[#This Row],[Comp E75 -3 Rem Hours To Service]] -> 3028 | P7: =Table113[[#This Row],[Comp E55 Rem Hours To Service]] -> 989 | Q7: =$Y$3-Table113456[[#This Row],[DG Milling Run Hr Meter]] -> 135.3 | R7: =Table113456[[#This Row],[DG Parboil REM SERVICE Hr]] -> 105.3 | S7: =Table113456[[#This Row],[DG Utility REM SERVICE Hr]] -> 205.3 | T7: =Table113456[[#This Row],[DG Admin REM SERVICE Hr]] -> 37.2 | AD7: =Diesel!I7 -> 45492
A8: ='PowerHouse Data'!$H$1 -> 46270 | B8: =Table113456[[#This Row],[Main Tank Consumption (Liters)]] -> 266 | C8: =Table1135[[#This Row],[NEPA Consumption (KWH)]] -> 890 | D8: =Table1135[[#This Row],[NEPA Availablity]] -> 18.3 | E8: =Table113[[#This Row],[Comp E75 -1 Run Hours]] -> 0 | F8: =Table113[[#This Row],[Comp E75 -2 Run Hours]] -> 0 | G8: =Table113[[#This Row],[Comp E75 -3 Run Hours]] -> 0 | H8: =Table113[[#This Row],[Comp E55 Run Hours]] -> 0 | I8: =Table113456[[#This Row],[DG Milling Run Hours]] -> 4.3 | J8: =Table113456[[#This Row],[DG Parboiling Run Hours]] -> 0 | K8: =Table113456[[#This Row],[DG Utility Run Hours]] -> 0 | L8: =Table113456[[#This Row],[DG Admin Run Hours]] -> 1.4 | M8: =Table113[[#This Row],[Comp E75 -1 Rem Hours To Service]] -> 1407 | N8: =Table113[[#This Row],[Comp E75 -2 Rem Hours To Service]] -> 1225 | O8: =Table113[[#This Row],[Comp E75 -3 Rem Hours To Service]] -> 3028 | P8: =Table113[[#This Row],[Comp E55 Rem Hours To Service]] -> 989 | Q8: =$Y$3-Table113456[[#This Row],[DG Milling Run Hr Meter]] -> 131 | R8: =Table113456[[#This Row],[DG Parboil REM SERVICE Hr]] -> 105.3 | S8: =Table113456[[#This Row],[DG Utility REM SERVICE Hr]] -> 205.3 | T8: =Table113456[[#This Row],[DG Admin REM SERVICE Hr]] -> 35.8 | AD8: =Diesel!I8 -> 45282
A9: ='PowerHouse Data'!$I$1 -> 46271 | B9: =Table113456[[#This Row],[Main Tank Consumption (Liters)]] -> 0 | C9: =Table1135[[#This Row],[NEPA Consumption (KWH)]] -> 990 | D9: =Table1135[[#This Row],[NEPA Availablity]] -> 24 | E9: =Table113[[#This Row],[Comp E75 -1 Run Hours]] -> 0 | F9: =Table113[[#This Row],[Comp E75 -2 Run Hours]] -> 0 | G9: =Table113[[#This Row],[Comp E75 -3 Run Hours]] -> 0 | H9: =Table113[[#This Row],[Comp E55 Run Hours]] -> 0 | I9: =Table113456[[#This Row],[DG Milling Run Hours]] -> 0 | J9: =Table113456[[#This Row],[DG Parboiling Run Hours]] -> 0 | K9: =Table113456[[#This Row],[DG Utility Run Hours]] -> 0 | L9: =Table113456[[#This Row],[DG Admin Run Hours]] -> 0 | M9: =Table113[[#This Row],[Comp E75 -1 Rem Hours To Service]] -> 1407 | N9: =Table113[[#This Row],[Comp E75 -2 Rem Hours To Service]] -> 1225 | O9: =Table113[[#This Row],[Comp E75 -3 Rem Hours To Service]] -> 3028 | P9: =Table113[[#This Row],[Comp E55 Rem Hours To Service]] -> 989 | Q9: =$Y$3-Table113456[[#This Row],[DG Milling Run Hr Meter]] -> 131 | R9: =Table113456[[#This Row],[DG Parboil REM SERVICE Hr]] -> 105.3 | S9: =Table113456[[#This Row],[DG Utility REM SERVICE Hr]] -> 205.3 | T9: =Table113456[[#This Row],[DG Admin REM SERVICE Hr]] -> 35.8 | AD9: =Diesel!I9 -> 45282
A10: ='PowerHouse Data'!$J$1 -> 46272 | B10: =Table113456[[#This Row],[Main Tank Consumption (Liters)]] -> 712 | C10: =Table1135[[#This Row],[NEPA Consumption (KWH)]] -> 1240 | D10: =Table1135[[#This Row],[NEPA Availablity]] -> 24 | E10: =Table113[[#This Row],[Comp E75 -1 Run Hours]] -> 0 | F10: =Table113[[#This Row],[Comp E75 -2 Run Hours]] -> 0 | G10: =Table113[[#This Row],[Comp E75 -3 Run Hours]] -> 0 | H10: =Table113[[#This Row],[Comp E55 Run Hours]] -> 0 | I10: =Table113456[[#This Row],[DG Milling Run Hours]] -> 0 | J10: =Table113456[[#This Row],[DG Parboiling Run Hours]] -> 0 | K10: =Table113456[[#This Row],[DG Utility Run Hours]] -> 0 | L10: =Table113456[[#This Row],[DG Admin Run Hours]] -> 0 | M10: =Table113[[#This Row],[Comp E75 -1 Rem Hours To Service]] -> 1407 | N10: =Table113[[#This Row],[Comp E75 -2 Rem Hours To Service]] -> 1225 | O10: =Table113[[#This Row],[Comp E75 -3 Rem Hours To Service]] -> 3028 | P10: =Table113[[#This Row],[Comp E55 Rem Hours To Service]] -> 989 | Q10: =$Y$3-Table113456[[#This Row],[DG Milling Run Hr Meter]] -> 131 | R10: =Table113456[[#This Row],[DG Parboil REM SERVICE Hr]] -> 105.3 | S10: =Table113456[[#This Row],[DG Utility REM SERVICE Hr]] -> 205.3 | T10: =Table113456[[#This Row],[DG Admin REM SERVICE Hr]] -> 35.8 | AD10: =Diesel!I10 -> 44570
A11: ='PowerHouse Data'!$K$1 -> 46273 | B11: =Table113456[[#This Row],[Main Tank Consumption (Liters)]] -> 312 | C11: =Table1135[[#This Row],[NEPA Consumption (KWH)]] -> 1040 | D11: =Table1135[[#This Row],[NEPA Availablity]] -> 18.3 | E11: =Table113[[#This Row],[Comp E75 -1 Run Hours]] -> 0 | F11: =Table113[[#This Row],[Comp E75 -2 Run Hours]] -> 0 | G11: =Table113[[#This Row],[Comp E75 -3 Run Hours]] -> 0 | H11: =Table113[[#This Row],[Comp E55 Run Hours]] -> 0 | I11: =Table113456[[#This Row],[DG Milling Run Hours]] -> 5.7 | J11: =Table113456[[#This Row],[DG Parboiling Run Hours]] -> 0 | K11: =Table113456[[#This Row],[DG Utility Run Hours]] -> 0 | L11: =Table113456[[#This Row],[DG Admin Run Hours]] -> 0 | M11: =Table113[[#This Row],[Comp E75 -1 Rem Hours To Service]] -> 1407 | N11: =Table113[[#This Row],[Comp E75 -2 Rem Hours To Service]] -> 1225 | O11: =Table113[[#This Row],[Comp E75 -3 Rem Hours To Service]] -> 3028 | P11: =Table113[[#This Row],[Comp E55 Rem Hours To Service]] -> 989 | Q11: =$Y$3-Table113456[[#This Row],[DG Milling Run Hr Meter]] -> 125.3 | R11: =Table113456[[#This Row],[DG Parboil REM SERVICE Hr]] -> 105.3 | S11: =Table113456[[#This Row],[DG Utility REM SERVICE Hr]] -> 205.3 | T11: =Table113456[[#This Row],[DG Admin REM SERVICE Hr]] -> 35.8 | AD11: =Diesel!I11 -> 44258
A12: ='PowerHouse Data'!$L$1 -> 46274 | B12: =Table113456[[#This Row],[Main Tank Consumption (Liters)]] -> 70 | C12: =Table1135[[#This Row],[NEPA Consumption (KWH)]] -> 1220 | D12: =Table1135[[#This Row],[NEPA Availablity]] -> 22.4 | E12: =Table113[[#This Row],[Comp E75 -1 Run Hours]] -> 0 | F12: =Table113[[#This Row],[Comp E75 -2 Run Hours]] -> 0 | G12: =Table113[[#This Row],[Comp E75 -3 Run Hours]] -> 0 | H12: =Table113[[#This Row],[Comp E55 Run Hours]] -> 0 | I12: =Table113456[[#This Row],[DG Milling Run Hours]] -> 0.9 | J12: =Table113456[[#This Row],[DG Parboiling Run Hours]] -> 0 | K12: =Table113456[[#This Row],[DG Utility Run Hours]] -> 0.7 | L12: =Table113456[[#This Row],[DG Admin Run Hours]] -> 0 | M12: =Table113[[#This Row],[Comp E75 -1 Rem Hours To Service]] -> 1407 | N12: =Table113[[#This Row],[Comp E75 -2 Rem Hours To Service]] -> 1225 | O12: =Table113[[#This Row],[Comp E75 -3 Rem Hours To Service]] -> 3028 | P12: =Table113[[#This Row],[Comp E55 Rem Hours To Service]] -> 989 | Q12: =$Y$3-Table113456[[#This Row],[DG Milling Run Hr Meter]] -> 124.4 | R12: =Table113456[[#This Row],[DG Parboil REM SERVICE Hr]] -> 105.3 | S12: =Table113456[[#This Row],[DG Utility REM SERVICE Hr]] -> 204.6 | T12: =Table113456[[#This Row],[DG Admin REM SERVICE Hr]] -> 35.8 | AD12: =Diesel!I12 -> 44188
A13: ='PowerHouse Data'!$M$1 -> 46275 | B13: =Table113456[[#This Row],[Main Tank Consumption (Liters)]] -> 175 | C13: =Table1135[[#This Row],[NEPA Consumption (KWH)]] -> 1020 | D13: =Table1135[[#This Row],[NEPA Availablity]] -> 20.3 | E13: =Table113[[#This Row],[Comp E75 -1 Run Hours]] -> 0 | F13: =Table113[[#This Row],[Comp E75 -2 Run Hours]] -> 0 | G13: =Table113[[#This Row],[Comp E75 -3 Run Hours]] -> 0 | H13: =Table113[[#This Row],[Comp E55 Run Hours]] -> 0 | I13: =Table113456[[#This Row],[DG Milling Run Hours]] -> 2.9 | J13: =Table113456[[#This Row],[DG Parboiling Run Hours]] -> 0 | K13: =Table113456[[#This Row],[DG Utility Run Hours]] -> 0.8 | L13: =Table113456[[#This Row],[DG Admin Run Hours]] -> 0 | M13: =Table113[[#This Row],[Comp E75 -1 Rem Hours To Service]] -> 1407 | N13: =Table113[[#This Row],[Comp E75 -2 Rem Hours To Service]] -> 1225 | O13: =Table113[[#This Row],[Comp E75 -3 Rem Hours To Service]] -> 3028 | P13: =Table113[[#This Row],[Comp E55 Rem Hours To Service]] -> 989 | Q13: =$Y$3-Table113456[[#This Row],[DG Milling Run Hr Meter]] -> 121.5 | R13: =Table113456[[#This Row],[DG Parboil REM SERVICE Hr]] -> 105.3 | S13: =Table113456[[#This Row],[DG Utility REM SERVICE Hr]] -> 203.8 | T13: =Table113456[[#This Row],[DG Admin REM SERVICE Hr]] -> 35.8 | AD13: =Diesel!I13 -> 44013
A14: ='PowerHouse Data'!$N$1 -> 46276 | B14: =Table113456[[#This Row],[Main Tank Consumption (Liters)]] -> 0 | C14: =Table1135[[#This Row],[NEPA Consumption (KWH)]] -> 1150 | D14: =Table1135[[#This Row],[NEPA Availablity]] -> 21.7 | E14: =Table113[[#This Row],[Comp E75 -1 Run Hours]] -> 0 | F14: =Table113[[#This Row],[Comp E75 -2 Run Hours]] -> 0 | G14: =Table113[[#This Row],[Comp E75 -3 Run Hours]] -> 0 | H14: =Table113[[#This Row],[Comp E55 Run Hours]] -> 0 | I14: =Table113456[[#This Row],[DG Milling Run Hours]] -> 0 | J14: =Table113456[[#This Row],[DG Parboiling Run Hours]] -> 0 | K14: =Table113456[[#This Row],[DG Utility Run Hours]] -> 2.3 | L14: =Table113456[[#This Row],[DG Admin Run Hours]] -> 0 | M14: =Table113[[#This Row],[Comp E75 -1 Rem Hours To Service]] -> 1407 | N14: =Table113[[#This Row],[Comp E75 -2 Rem Hours To Service]] -> 1225 | O14: =Table113[[#This Row],[Comp E75 -3 Rem Hours To Service]] -> 3028 | P14: =Table113[[#This Row],[Comp E55 Rem Hours To Service]] -> 989 | Q14: =$Y$3-Table113456[[#This Row],[DG Milling Run Hr Meter]] -> 121.5 | R14: =Table113456[[#This Row],[DG Parboil REM SERVICE Hr]] -> 105.3 | S14: =Table113456[[#This Row],[DG Utility REM SERVICE Hr]] -> 201.5 | T14: =Table113456[[#This Row],[DG Admin REM SERVICE Hr]] -> 35.8 | AD14: =Diesel!I14 -> 44013
A15: ='PowerHouse Data'!$O$1 -> 46277 | B15: =Table113456[[#This Row],[Main Tank Consumption (Liters)]] -> 0 | C15: =Table1135[[#This Row],[NEPA Consumption (KWH)]] -> 1070 | D15: =Table1135[[#This Row],[NEPA Availablity]] -> 22.7 | E15: =Table113[[#This Row],[Comp E75 -1 Run Hours]] -> 0 | F15: =Table113[[#This Row],[Comp E75 -2 Run Hours]] -> 0 | G15: =Table113[[#This Row],[Comp E75 -3 Run Hours]] -> 0 | H15: =Table113[[#This Row],[Comp E55 Run Hours]] -> 0 | I15: =Table113456[[#This Row],[DG Milling Run Hours]] -> 0 | J15: =Table113456[[#This Row],[DG Parboiling Run Hours]] -> 0 | K15: =Table113456[[#This Row],[DG Utility Run Hours]] -> 1.3 | L15: =Table113456[[#This Row],[DG Admin Run Hours]] -> 0 | M15: =Table113[[#This Row],[Comp E75 -1 Rem Hours To Service]] -> 1407 | N15: =Table113[[#This Row],[Comp E75 -2 Rem Hours To Service]] -> 1225 | O15: =Table113[[#This Row],[Comp E75 -3 Rem Hours To Service]] -> 3028 | P15: =Table113[[#This Row],[Comp E55 Rem Hours To Service]] -> 989 | Q15: =$Y$3-Table113456[[#This Row],[DG Milling Run Hr Meter]] -> 121.5 | R15: =Table113456[[#This Row],[DG Parboil REM SERVICE Hr]] -> 105.3 | S15: =Table113456[[#This Row],[DG Utility REM SERVICE Hr]] -> 200.2 | T15: =Table113456[[#This Row],[DG Admin REM SERVICE Hr]] -> 35.8 | AD15: =Diesel!I15 -> 43947
A16: ='PowerHouse Data'!$P$1 -> 46278 | B16: =Table113456[[#This Row],[Main Tank Consumption (Liters)]] -> 0 | C16: =Table1135[[#This Row],[NEPA Consumption (KWH)]] -> 990 | D16: =Table1135[[#This Row],[NEPA Availablity]] -> 24 | E16: =Table113[[#This Row],[Comp E75 -1 Run Hours]] -> 0 | F16: =Table113[[#This Row],[Comp E75 -2 Run Hours]] -> 0 | G16: =Table113[[#This Row],[Comp E75 -3 Run Hours]] -> 0 | H16: =Table113[[#This Row],[Comp E55 Run Hours]] -> 0 | I16: =Table113456[[#This Row],[DG Milling Run Hours]] -> 0 | J16: =Table113456[[#This Row],[DG Parboiling Run Hours]] -> 0 | K16: =Table113456[[#This Row],[DG Utility Run Hours]] -> 0 | L16: =Table113456[[#This Row],[DG Admin Run Hours]] -> 0 | M16: =Table113[[#This Row],[Comp E75 -1 Rem Hours To Service]] -> 1407 | N16: =Table113[[#This Row],[Comp E75 -2 Rem Hours To Service]] -> 1225 | O16: =Table113[[#This Row],[Comp E75 -3 Rem Hours To Service]] -> 3028 | P16: =Table113[[#This Row],[Comp E55 Rem Hours To Service]] -> 989 | Q16: =$Y$3-Table113456[[#This Row],[DG Milling Run Hr Meter]] -> 121.5 | R16: =Table113456[[#This Row],[DG Parboil REM SERVICE Hr]] -> 105.3 | S16: =Table113456[[#This Row],[DG Utility REM SERVICE Hr]] -> 200.2 | T16: =Table113456[[#This Row],[DG Admin REM SERVICE Hr]] -> 35.8 | AD16: =Diesel!I16 -> 43947
A17: ='PowerHouse Data'!$Q$1 -> 46279 | B17: =Table113456[[#This Row],[Main Tank Consumption (Liters)]] -> 0 | C17: =Table1135[[#This Row],[NEPA Consumption (KWH)]] -> 1070 | D17: =Table1135[[#This Row],[NEPA Availablity]] -> 22.7 | E17: =Table113[[#This Row],[Comp E75 -1 Run Hours]] -> 0 | F17: =Table113[[#This Row],[Comp E75 -2 Run Hours]] -> 0 | G17: =Table113[[#This Row],[Comp E75 -3 Run Hours]] -> 0 | H17: =Table113[[#This Row],[Comp E55 Run Hours]] -> 0 | I17: =Table113456[[#This Row],[DG Milling Run Hours]] -> 0 | J17: =Table113456[[#This Row],[DG Parboiling Run Hours]] -> 0 | K17: =Table113456[[#This Row],[DG Utility Run Hours]] -> 1.3 | L17: =Table113456[[#This Row],[DG Admin Run Hours]] -> 0 | M17: =Table113[[#This Row],[Comp E75 -1 Rem Hours To Service]] -> 1407 | N17: =Table113[[#This Row],[Comp E75 -2 Rem Hours To Service]] -> 1225 | O17: =Table113[[#This Row],[Comp E75 -3 Rem Hours To Service]] -> 3028 | P17: =Table113[[#This Row],[Comp E55 Rem Hours To Service]] -> 989 | Q17: =$Y$3-Table113456[[#This Row],[DG Milling Run Hr Meter]] -> 121.5 | R17: =Table113456[[#This Row],[DG Parboil REM SERVICE Hr]] -> 105.3 | S17: =Table113456[[#This Row],[DG Utility REM SERVICE Hr]] -> 198.9 | T17: =Table113456[[#This Row],[DG Admin REM SERVICE Hr]] -> 35.8 | AD17: =Diesel!I17 -> 43937
A18: ='PowerHouse Data'!$R$1 -> 46280 | B18: =Table113456[[#This Row],[Main Tank Consumption (Liters)]] -> 353.5 | C18: =Table1135[[#This Row],[NEPA Consumption (KWH)]] -> 740 | D18: =Table1135[[#This Row],[NEPA Availablity]] -> 18 | E18: =Table113[[#This Row],[Comp E75 -1 Run Hours]] -> 0 | F18: =Table113[[#This Row],[Comp E75 -2 Run Hours]] -> 0 | G18: =Table113[[#This Row],[Comp E75 -3 Run Hours]] -> 0 | H18: =Table113[[#This Row],[Comp E55 Run Hours]] -> 0 | I18: =Table113456[[#This Row],[DG Milling Run Hours]] -> 0 | J18: =Table113456[[#This Row],[DG Parboiling Run Hours]] -> 0 | K18: =Table113456[[#This Row],[DG Utility Run Hours]] -> 5.9 | L18: =Table113456[[#This Row],[DG Admin Run Hours]] -> 0 | M18: =Table113[[#This Row],[Comp E75 -1 Rem Hours To Service]] -> 1407 | N18: =Table113[[#This Row],[Comp E75 -2 Rem Hours To Service]] -> 1225 | O18: =Table113[[#This Row],[Comp E75 -3 Rem Hours To Service]] -> 3028 | P18: =Table113[[#This Row],[Comp E55 Rem Hours To Service]] -> 989 | Q18: =$Y$3-Table113456[[#This Row],[DG Milling Run Hr Meter]] -> 121.5 | R18: =Table113456[[#This Row],[DG Parboil REM SERVICE Hr]] -> 105.3 | S18: =Table113456[[#This Row],[DG Utility REM SERVICE Hr]] -> 193 | T18: =Table113456[[#This Row],[DG Admin REM SERVICE Hr]] -> 35.8 | AD18: =Diesel!I18 -> 43659.5
A19: ='PowerHouse Data'!$S$1 -> 46281 | B19: =Table113456[[#This Row],[Main Tank Consumption (Liters)]] -> 38475.5 | C19: =Table1135[[#This Row],[NEPA Consumption (KWH)]] -> -24340840 | D19: =Table1135[[#This Row],[NEPA Availablity]] -> 0 | E19: =Table113[[#This Row],[Comp E75 -1 Run Hours]] -> -4033 | F19: =Table113[[#This Row],[Comp E75 -2 Run Hours]] -> -6841 | G19: =Table113[[#This Row],[Comp E75 -3 Run Hours]] -> -972 | H19: =Table113[[#This Row],[Comp E55 Run Hours]] -> -25941 | I19: =Table113456[[#This Row],[DG Milling Run Hours]] -> -5702.5 | J19: =Table113456[[#This Row],[DG Parboiling Run Hours]] -> -12538.2 | K19: =Table113456[[#This Row],[DG Utility Run Hours]] -> -30957 | L19: =Table113456[[#This Row],[DG Admin Run Hours]] -> -3504.2 | M19: =Table113[[#This Row],[Comp E75 -1 Rem Hours To Service]] -> 5440 | N19: =Table113[[#This Row],[Comp E75 -2 Rem Hours To Service]] -> 8066 | O19: =Table113[[#This Row],[Comp E75 -3 Rem Hours To Service]] -> 4000 | P19: =Table113[[#This Row],[Comp E55 Rem Hours To Service]] -> 26930 | Q19: =$Y$3-Table113456[[#This Row],[DG Milling Run Hr Meter]] -> 5824 | R19: =Table113456[[#This Row],[DG Parboil REM SERVICE Hr]] -> 12643.5 | S19: =Table113456[[#This Row],[DG Utility REM SERVICE Hr]] -> 31150 | T19: =Table113456[[#This Row],[DG Admin REM SERVICE Hr]] -> 3540 | AD19: =Diesel!I19 -> 0
A20: ='PowerHouse Data'!$T$1 -> 46282 | B20: =Table113456[[#This Row],[Main Tank Consumption (Liters)]] -> 0 | C20: =Table1135[[#This Row],[NEPA Consumption (KWH)]] -> 0 | D20: =Table1135[[#This Row],[NEPA Availablity]] -> 0 | E20: =Table113[[#This Row],[Comp E75 -1 Run Hours]] -> 0 | F20: =Table113[[#This Row],[Comp E75 -2 Run Hours]] -> 0 | G20: =Table113[[#This Row],[Comp E75 -3 Run Hours]] -> 0 | H20: =Table113[[#This Row],[Comp E55 Run Hours]] -> 0 | I20: =Table113456[[#This Row],[DG Milling Run Hours]] -> 0 | J20: =Table113456[[#This Row],[DG Parboiling Run Hours]] -> 0 | K20: =Table113456[[#This Row],[DG Utility Run Hours]] -> 0 | L20: =Table113456[[#This Row],[DG Admin Run Hours]] -> 0 | M20: =Table113[[#This Row],[Comp E75 -1 Rem Hours To Service]] -> 5440 | N20: =Table113[[#This Row],[Comp E75 -2 Rem Hours To Service]] -> 8066 | O20: =Table113[[#This Row],[Comp E75 -3 Rem Hours To Service]] -> 4000 | P20: =Table113[[#This Row],[Comp E55 Rem Hours To Service]] -> 26930 | Q20: =$Y$3-Table113456[[#This Row],[DG Milling Run Hr Meter]] -> 5824 | R20: =Table113456[[#This Row],[DG Parboil REM SERVICE Hr]] -> 12643.5 | S20: =Table113456[[#This Row],[DG Utility REM SERVICE Hr]] -> 31150 | T20: =Table113456[[#This Row],[DG Admin REM SERVICE Hr]] -> 3540 | AD20: =Diesel!I20 -> 0
A21: ='PowerHouse Data'!$U$1 -> 46283 | B21: =Table113456[[#This Row],[Main Tank Consumption (Liters)]] -> 0 | C21: =Table1135[[#This Row],[NEPA Consumption (KWH)]] -> 0 | D21: =Table1135[[#This Row],[NEPA Availablity]] -> 0 | E21: =Table113[[#This Row],[Comp E75 -1 Run Hours]] -> 0 | F21: =Table113[[#This Row],[Comp E75 -2 Run Hours]] -> 0 | G21: =Table113[[#This Row],[Comp E75 -3 Run Hours]] -> 0 | H21: =Table113[[#This Row],[Comp E55 Run Hours]] -> 0 | I21: =Table113456[[#This Row],[DG Milling Run Hours]] -> 0 | J21: =Table113456[[#This Row],[DG Parboiling Run Hours]] -> 0 | K21: =Table113456[[#This Row],[DG Utility Run Hours]] -> 0 | L21: =Table113456[[#This Row],[DG Admin Run Hours]] -> 0 | M21: =Table113[[#This Row],[Comp E75 -1 Rem Hours To Service]] -> 5440 | N21: =Table113[[#This Row],[Comp E75 -2 Rem Hours To Service]] -> 8066 | O21: =Table113[[#This Row],[Comp E75 -3 Rem Hours To Service]] -> 4000 | P21: =Table113[[#This Row],[Comp E55 Rem Hours To Service]] -> 26930 | Q21: =$Y$3-Table113456[[#This Row],[DG Milling Run Hr Meter]] -> 5824 | R21: =Table113456[[#This Row],[DG Parboil REM SERVICE Hr]] -> 12643.5 | S21: =Table113456[[#This Row],[DG Utility REM SERVICE Hr]] -> 31150 | T21: =Table113456[[#This Row],[DG Admin REM SERVICE Hr]] -> 3540 | AD21: =Diesel!I21 -> 0
A22: ='PowerHouse Data'!$V$1 -> 46284 | B22: =Table113456[[#This Row],[Main Tank Consumption (Liters)]] -> 0 | C22: =Table1135[[#This Row],[NEPA Consumption (KWH)]] -> 0 | D22: =Table1135[[#This Row],[NEPA Availablity]] -> 0 | E22: =Table113[[#This Row],[Comp E75 -1 Run Hours]] -> 0 | F22: =Table113[[#This Row],[Comp E75 -2 Run Hours]] -> 0 | G22: =Table113[[#This Row],[Comp E75 -3 Run Hours]] -> 0 | H22: =Table113[[#This Row],[Comp E55 Run Hours]] -> 0 | I22: =Table113456[[#This Row],[DG Milling Run Hours]] -> 0 | J22: =Table113456[[#This Row],[DG Parboiling Run Hours]] -> 0 | K22: =Table113456[[#This Row],[DG Utility Run Hours]] -> 0 | L22: =Table113456[[#This Row],[DG Admin Run Hours]] -> 0 | M22: =Table113[[#This Row],[Comp E75 -1 Rem Hours To Service]] -> 5440 | N22: =Table113[[#This Row],[Comp E75 -2 Rem Hours To Service]] -> 8066 | O22: =Table113[[#This Row],[Comp E75 -3 Rem Hours To Service]] -> 4000 | P22: =Table113[[#This Row],[Comp E55 Rem Hours To Service]] -> 26930 | Q22: =$Y$3-Table113456[[#This Row],[DG Milling Run Hr Meter]] -> 5824 | R22: =Table113456[[#This Row],[DG Parboil REM SERVICE Hr]] -> 12643.5 | S22: =Table113456[[#This Row],[DG Utility REM SERVICE Hr]] -> 31150 | T22: =Table113456[[#This Row],[DG Admin REM SERVICE Hr]] -> 3540 | AD22: =Diesel!I22 -> 0
A23: ='PowerHouse Data'!$W$1 -> 46285 | B23: =Table113456[[#This Row],[Main Tank Consumption (Liters)]] -> 0 | C23: =Table1135[[#This Row],[NEPA Consumption (KWH)]] -> 0 | D23: =Table1135[[#This Row],[NEPA Availablity]] -> 0 | E23: =Table113[[#This Row],[Comp E75 -1 Run Hours]] -> 0 | F23: =Table113[[#This Row],[Comp E75 -2 Run Hours]] -> 0 | G23: =Table113[[#This Row],[Comp E75 -3 Run Hours]] -> 0 | H23: =Table113[[#This Row],[Comp E55 Run Hours]] -> 0 | I23: =Table113456[[#This Row],[DG Milling Run Hours]] -> 0 | J23: =Table113456[[#This Row],[DG Parboiling Run Hours]] -> 0 | K23: =Table113456[[#This Row],[DG Utility Run Hours]] -> 0 | L23: =Table113456[[#This Row],[DG Admin Run Hours]] -> 0 | M23: =Table113[[#This Row],[Comp E75 -1 Rem Hours To Service]] -> 5440 | N23: =Table113[[#This Row],[Comp E75 -2 Rem Hours To Service]] -> 8066 | O23: =Table113[[#This Row],[Comp E75 -3 Rem Hours To Service]] -> 4000 | P23: =Table113[[#This Row],[Comp E55 Rem Hours To Service]] -> 26930 | Q23: =$Y$3-Table113456[[#This Row],[DG Milling Run Hr Meter]] -> 5824 | R23: =Table113456[[#This Row],[DG Parboil REM SERVICE Hr]] -> 12643.5 | S23: =Table113456[[#This Row],[DG Utility REM SERVICE Hr]] -> 31150 | T23: =Table113456[[#This Row],[DG Admin REM SERVICE Hr]] -> 3540 | AD23: =Diesel!I23 -> 0
A24: ='PowerHouse Data'!$X$1 -> 46286 | B24: =Table113456[[#This Row],[Main Tank Consumption (Liters)]] -> 0 | C24: =Table1135[[#This Row],[NEPA Consumption (KWH)]] -> 0 | D24: =Table1135[[#This Row],[NEPA Availablity]] -> 0 | E24: =Table113[[#This Row],[Comp E75 -1 Run Hours]] -> 0 | F24: =Table113[[#This Row],[Comp E75 -2 Run Hours]] -> 0 | G24: =Table113[[#This Row],[Comp E75 -3 Run Hours]] -> 0 | H24: =Table113[[#This Row],[Comp E55 Run Hours]] -> 0 | I24: =Table113456[[#This Row],[DG Milling Run Hours]] -> 0 | J24: =Table113456[[#This Row],[DG Parboiling Run Hours]] -> 0 | K24: =Table113456[[#This Row],[DG Utility Run Hours]] -> 0 | L24: =Table113456[[#This Row],[DG Admin Run Hours]] -> 0 | M24: =Table113[[#This Row],[Comp E75 -1 Rem Hours To Service]] -> 5440 | N24: =Table113[[#This Row],[Comp E75 -2 Rem Hours To Service]] -> 8066 | O24: =Table113[[#This Row],[Comp E75 -3 Rem Hours To Service]] -> 4000 | P24: =Table113[[#This Row],[Comp E55 Rem Hours To Service]] -> 26930 | Q24: =$Y$3-Table113456[[#This Row],[DG Milling Run Hr Meter]] -> 5824 | R24: =Table113456[[#This Row],[DG Parboil REM SERVICE Hr]] -> 12643.5 | S24: =Table113456[[#This Row],[DG Utility REM SERVICE Hr]] -> 31150 | T24: =Table113456[[#This Row],[DG Admin REM SERVICE Hr]] -> 3540 | AD24: =Diesel!I24 -> 0
A25: ='PowerHouse Data'!$Y$1 -> 46287 | B25: =Table113456[[#This Row],[Main Tank Consumption (Liters)]] -> 0 | C25: =Table1135[[#This Row],[NEPA Consumption (KWH)]] -> 0 | D25: =Table1135[[#This Row],[NEPA Availablity]] -> 0 | E25: =Table113[[#This Row],[Comp E75 -1 Run Hours]] -> 0 | F25: =Table113[[#This Row],[Comp E75 -2 Run Hours]] -> 0 | G25: =Table113[[#This Row],[Comp E75 -3 Run Hours]] -> 0 | H25: =Table113[[#This Row],[Comp E55 Run Hours]] -> 0 | I25: =Table113456[[#This Row],[DG Milling Run Hours]] -> 0 | J25: =Table113456[[#This Row],[DG Parboiling Run Hours]] -> 0 | K25: =Table113456[[#This Row],[DG Utility Run Hours]] -> 0 | L25: =Table113456[[#This Row],[DG Admin Run Hours]] -> 0 | M25: =Table113[[#This Row],[Comp E75 -1 Rem Hours To Service]] -> 5440 | N25: =Table113[[#This Row],[Comp E75 -2 Rem Hours To Service]] -> 8066 | O25: =Table113[[#This Row],[Comp E75 -3 Rem Hours To Service]] -> 4000 | P25: =Table113[[#This Row],[Comp E55 Rem Hours To Service]] -> 26930 | Q25: =$Y$3-Table113456[[#This Row],[DG Milling Run Hr Meter]] -> 5824 | R25: =Table113456[[#This Row],[DG Parboil REM SERVICE Hr]] -> 12643.5 | S25: =Table113456[[#This Row],[DG Utility REM SERVICE Hr]] -> 31150 | T25: =Table113456[[#This Row],[DG Admin REM SERVICE Hr]] -> 3540 | AD25: =Diesel!I25 -> 0
A26: ='PowerHouse Data'!$Z$1 -> 46288 | B26: =Table113456[[#This Row],[Main Tank Consumption (Liters)]] -> 0 | C26: =Table1135[[#This Row],[NEPA Consumption (KWH)]] -> 0 | D26: =Table1135[[#This Row],[NEPA Availablity]] -> 0 | E26: =Table113[[#This Row],[Comp E75 -1 Run Hours]] -> 0 | F26: =Table113[[#This Row],[Comp E75 -2 Run Hours]] -> 0 | G26: =Table113[[#This Row],[Comp E75 -3 Run Hours]] -> 0 | H26: =Table113[[#This Row],[Comp E55 Run Hours]] -> 0 | I26: =Table113456[[#This Row],[DG Milling Run Hours]] -> 0 | J26: =Table113456[[#This Row],[DG Parboiling Run Hours]] -> 0 | K26: =Table113456[[#This Row],[DG Utility Run Hours]] -> 0 | L26: =Table113456[[#This Row],[DG Admin Run Hours]] -> 0 | M26: =Table113[[#This Row],[Comp E75 -1 Rem Hours To Service]] -> 5440 | N26: =Table113[[#This Row],[Comp E75 -2 Rem Hours To Service]] -> 8066 | O26: =Table113[[#This Row],[Comp E75 -3 Rem Hours To Service]] -> 4000 | P26: =Table113[[#This Row],[Comp E55 Rem Hours To Service]] -> 26930 | Q26: =$Y$3-Table113456[[#This Row],[DG Milling Run Hr Meter]] -> 5824 | R26: =Table113456[[#This Row],[DG Parboil REM SERVICE Hr]] -> 12643.5 | S26: =Table113456[[#This Row],[DG Utility REM SERVICE Hr]] -> 31150 | T26: =Table113456[[#This Row],[DG Admin REM SERVICE Hr]] -> 3540 | AD26: =Diesel!I26 -> 0
A27: ='PowerHouse Data'!$AA$1 -> 46289 | B27: =Table113456[[#This Row],[Main Tank Consumption (Liters)]] -> 0 | C27: =Table1135[[#This Row],[NEPA Consumption (KWH)]] -> 0 | D27: =Table1135[[#This Row],[NEPA Availablity]] -> 0 | E27: =Table113[[#This Row],[Comp E75 -1 Run Hours]] -> 0 | F27: =Table113[[#This Row],[Comp E75 -2 Run Hours]] -> 0 | G27: =Table113[[#This Row],[Comp E75 -3 Run Hours]] -> 0 | H27: =Table113[[#This Row],[Comp E55 Run Hours]] -> 0 | I27: =Table113456[[#This Row],[DG Milling Run Hours]] -> 0 | J27: =Table113456[[#This Row],[DG Parboiling Run Hours]] -> 0 | K27: =Table113456[[#This Row],[DG Utility Run Hours]] -> 0 | L27: =Table113456[[#This Row],[DG Admin Run Hours]] -> 0 | M27: =Table113[[#This Row],[Comp E75 -1 Rem Hours To Service]] -> 5440 | N27: =Table113[[#This Row],[Comp E75 -2 Rem Hours To Service]] -> 8066 | O27: =Table113[[#This Row],[Comp E75 -3 Rem Hours To Service]] -> 4000 | P27: =Table113[[#This Row],[Comp E55 Rem Hours To Service]] -> 26930 | Q27: =$Y$3-Table113456[[#This Row],[DG Milling Run Hr Meter]] -> 5824 | R27: =Table113456[[#This Row],[DG Parboil REM SERVICE Hr]] -> 12643.5 | S27: =Table113456[[#This Row],[DG Utility REM SERVICE Hr]] -> 31150 | T27: =Table113456[[#This Row],[DG Admin REM SERVICE Hr]] -> 3540 | AD27: =Diesel!I27 -> 0
A28: ='PowerHouse Data'!$AB$1 -> 46290 | B28: =Table113456[[#This Row],[Main Tank Consumption (Liters)]] -> 0 | C28: =Table1135[[#This Row],[NEPA Consumption (KWH)]] -> 0 | D28: =Table1135[[#This Row],[NEPA Availablity]] -> 0 | E28: =Table113[[#This Row],[Comp E75 -1 Run Hours]] -> 0 | F28: =Table113[[#This Row],[Comp E75 -2 Run Hours]] -> 0 | G28: =Table113[[#This Row],[Comp E75 -3 Run Hours]] -> 0 | H28: =Table113[[#This Row],[Comp E55 Run Hours]] -> 0 | I28: =Table113456[[#This Row],[DG Milling Run Hours]] -> 0 | J28: =Table113456[[#This Row],[DG Parboiling Run Hours]] -> 0 | K28: =Table113456[[#This Row],[DG Utility Run Hours]] -> 0 | L28: =Table113456[[#This Row],[DG Admin Run Hours]] -> 0 | M28: =Table113[[#This Row],[Comp E75 -1 Rem Hours To Service]] -> 5440 | N28: =Table113[[#This Row],[Comp E75 -2 Rem Hours To Service]] -> 8066 | O28: =Table113[[#This Row],[Comp E75 -3 Rem Hours To Service]] -> 4000 | P28: =Table113[[#This Row],[Comp E55 Rem Hours To Service]] -> 26930 | Q28: =$Y$3-Table113456[[#This Row],[DG Milling Run Hr Meter]] -> 5824 | R28: =Table113456[[#This Row],[DG Parboil REM SERVICE Hr]] -> 12643.5 | S28: =Table113456[[#This Row],[DG Utility REM SERVICE Hr]] -> 31150 | T28: =Table113456[[#This Row],[DG Admin REM SERVICE Hr]] -> 3540 | AD28: =Diesel!I28 -> 0
A29: ='PowerHouse Data'!$AC$1 -> 46291 | B29: =Table113456[[#This Row],[Main Tank Consumption (Liters)]] -> 0 | C29: =Table1135[[#This Row],[NEPA Consumption (KWH)]] -> 0 | D29: =Table1135[[#This Row],[NEPA Availablity]] -> 0 | E29: =Table113[[#This Row],[Comp E75 -1 Run Hours]] -> 0 | F29: =Table113[[#This Row],[Comp E75 -2 Run Hours]] -> 0 | G29: =Table113[[#This Row],[Comp E75 -3 Run Hours]] -> 0 | H29: =Table113[[#This Row],[Comp E55 Run Hours]] -> 0 | I29: =Table113456[[#This Row],[DG Milling Run Hours]] -> 0 | J29: =Table113456[[#This Row],[DG Parboiling Run Hours]] -> 0 | K29: =Table113456[[#This Row],[DG Utility Run Hours]] -> 0 | L29: =Table113456[[#This Row],[DG Admin Run Hours]] -> 0 | M29: =Table113[[#This Row],[Comp E75 -1 Rem Hours To Service]] -> 5440 | N29: =Table113[[#This Row],[Comp E75 -2 Rem Hours To Service]] -> 8066 | O29: =Table113[[#This Row],[Comp E75 -3 Rem Hours To Service]] -> 4000 | P29: =Table113[[#This Row],[Comp E55 Rem Hours To Service]] -> 26930 | Q29: =$Y$3-Table113456[[#This Row],[DG Milling Run Hr Meter]] -> 5824 | R29: =Table113456[[#This Row],[DG Parboil REM SERVICE Hr]] -> 12643.5 | S29: =Table113456[[#This Row],[DG Utility REM SERVICE Hr]] -> 31150 | T29: =Table113456[[#This Row],[DG Admin REM SERVICE Hr]] -> 3540 | AD29: =Diesel!I29 -> 0
A30: ='PowerHouse Data'!$AD$1 -> 46292 | B30: =Table113456[[#This Row],[Main Tank Consumption (Liters)]] -> 0 | C30: =Table1135[[#This Row],[NEPA Consumption (KWH)]] -> 0 | D30: =Table1135[[#This Row],[NEPA Availablity]] -> 0 | E30: =Table113[[#This Row],[Comp E75 -1 Run Hours]] -> 0 | F30: =Table113[[#This Row],[Comp E75 -2 Run Hours]] -> 0 | G30: =Table113[[#This Row],[Comp E75 -3 Run Hours]] -> 0 | H30: =Table113[[#This Row],[Comp E55 Run Hours]] -> 0 | I30: =Table113456[[#This Row],[DG Milling Run Hours]] -> 0 | J30: =Table113456[[#This Row],[DG Parboiling Run Hours]] -> 0 | K30: =Table113456[[#This Row],[DG Utility Run Hours]] -> 0 | L30: =Table113456[[#This Row],[DG Admin Run Hours]] -> 0 | M30: =Table113[[#This Row],[Comp E75 -1 Rem Hours To Service]] -> 5440 | N30: =Table113[[#This Row],[Comp E75 -2 Rem Hours To Service]] -> 8066 | O30: =Table113[[#This Row],[Comp E75 -3 Rem Hours To Service]] -> 4000 | P30: =Table113[[#This Row],[Comp E55 Rem Hours To Service]] -> 26930 | Q30: =$Y$3-Table113456[[#This Row],[DG Milling Run Hr Meter]] -> 5824 | R30: =Table113456[[#This Row],[DG Parboil REM SERVICE Hr]] -> 12643.5 | S30: =Table113456[[#This Row],[DG Utility REM SERVICE Hr]] -> 31150 | T30: =Table113456[[#This Row],[DG Admin REM SERVICE Hr]] -> 3540 | AD30: =Diesel!I30 -> 0
A31: ='PowerHouse Data'!$AE$1 -> 46293 | B31: =Table113456[[#This Row],[Main Tank Consumption (Liters)]] -> 0 | C31: =Table1135[[#This Row],[NEPA Consumption (KWH)]] -> 0 | D31: =Table1135[[#This Row],[NEPA Availablity]] -> 0 | E31: =Table113[[#This Row],[Comp E75 -1 Run Hours]] -> 0 | F31: =Table113[[#This Row],[Comp E75 -2 Run Hours]] -> 0 | G31: =Table113[[#This Row],[Comp E75 -3 Run Hours]] -> 0 | H31: =Table113[[#This Row],[Comp E55 Run Hours]] -> 0 | I31: =Table113456[[#This Row],[DG Milling Run Hours]] -> 0 | J31: =Table113456[[#This Row],[DG Parboiling Run Hours]] -> 0 | K31: =Table113456[[#This Row],[DG Utility Run Hours]] -> 0 | L31: =Table113456[[#This Row],[DG Admin Run Hours]] -> 0 | M31: =Table113[[#This Row],[Comp E75 -1 Rem Hours To Service]] -> 5440 | N31: =Table113[[#This Row],[Comp E75 -2 Rem Hours To Service]] -> 8066 | O31: =Table113[[#This Row],[Comp E75 -3 Rem Hours To Service]] -> 4000 | P31: =Table113[[#This Row],[Comp E55 Rem Hours To Service]] -> 26930 | Q31: =$Y$3-Table113456[[#This Row],[DG Milling Run Hr Meter]] -> 5824 | R31: =Table113456[[#This Row],[DG Parboil REM SERVICE Hr]] -> 12643.5 | S31: =Table113456[[#This Row],[DG Utility REM SERVICE Hr]] -> 31150 | T31: =Table113456[[#This Row],[DG Admin REM SERVICE Hr]] -> 3540 | AD31: =Diesel!I31 -> 0
A32: ='PowerHouse Data'!$AF$1 -> 46294 | B32: =Table113456[[#This Row],[Main Tank Consumption (Liters)]] -> 0 | C32: =Table1135[[#This Row],[NEPA Consumption (KWH)]] -> 0 | D32: =Table1135[[#This Row],[NEPA Availablity]] -> 0 | E32: =Table113[[#This Row],[Comp E75 -1 Run Hours]] -> 0 | F32: =Table113[[#This Row],[Comp E75 -2 Run Hours]] -> 0 | G32: =Table113[[#This Row],[Comp E75 -3 Run Hours]] -> 0 | H32: =Table113[[#This Row],[Comp E55 Run Hours]] -> 0 | I32: =Table113456[[#This Row],[DG Milling Run Hours]] -> 0 | J32: =Table113456[[#This Row],[DG Parboiling Run Hours]] -> 0 | K32: =Table113456[[#This Row],[DG Utility Run Hours]] -> 0 | L32: =Table113456[[#This Row],[DG Admin Run Hours]] -> 0 | M32: =Table113[[#This Row],[Comp E75 -1 Rem Hours To Service]] -> 5440 | N32: =Table113[[#This Row],[Comp E75 -2 Rem Hours To Service]] -> 8066 | O32: =Table113[[#This Row],[Comp E75 -3 Rem Hours To Service]] -> 4000 | P32: =Table113[[#This Row],[Comp E55 Rem Hours To Service]] -> 26930 | Q32: =$Y$3-Table113456[[#This Row],[DG Milling Run Hr Meter]] -> 5824 | R32: =Table113456[[#This Row],[DG Parboil REM SERVICE Hr]] -> 12643.5 | S32: =Table113456[[#This Row],[DG Utility REM SERVICE Hr]] -> 31150 | T32: =Table113456[[#This Row],[DG Admin REM SERVICE Hr]] -> 3540 | AD32: =Diesel!I32 -> 0
A33: ='PowerHouse Data'!$AG$1 -> 46295 | B33: =Table113456[[#This Row],[Main Tank Consumption (Liters)]] -> 0 | C33: =Table1135[[#This Row],[NEPA Consumption (KWH)]] -> 0 | D33: =Table1135[[#This Row],[NEPA Availablity]] -> 0 | E33: =Table113[[#This Row],[Comp E75 -1 Run Hours]] -> 0 | F33: =Table113[[#This Row],[Comp E75 -2 Run Hours]] -> 0 | G33: =Table113[[#This Row],[Comp E75 -3 Run Hours]] -> 0 | H33: =Table113[[#This Row],[Comp E55 Run Hours]] -> 0 | I33: =Table113456[[#This Row],[DG Milling Run Hours]] -> 0 | J33: =Table113456[[#This Row],[DG Parboiling Run Hours]] -> 0 | K33: =Table113456[[#This Row],[DG Utility Run Hours]] -> 0 | L33: =Table113456[[#This Row],[DG Admin Run Hours]] -> 0 | M33: =Table113[[#This Row],[Comp E75 -1 Rem Hours To Service]] -> 5440 | N33: =Table113[[#This Row],[Comp E75 -2 Rem Hours To Service]] -> 8066 | O33: =Table113[[#This Row],[Comp E75 -3 Rem Hours To Service]] -> 4000 | P33: =Table113[[#This Row],[Comp E55 Rem Hours To Service]] -> 26930 | Q33: =$Y$3-Table113456[[#This Row],[DG Milling Run Hr Meter]] -> 5824 | R33: =Table113456[[#This Row],[DG Parboil REM SERVICE Hr]] -> 12643.5 | S33: =Table113456[[#This Row],[DG Utility REM SERVICE Hr]] -> 31150 | T33: =Table113456[[#This Row],[DG Admin REM SERVICE Hr]] -> 3540 | AD33: =Diesel!I33 -> 0
A34: ='PowerHouse Data'!$AH$1 -> 46296 | B34: =Table113456[[#This Row],[Main Tank Consumption (Liters)]] -> 0 | C34: =Table1135[[#This Row],[NEPA Consumption (KWH)]] -> 0 | D34: =Table1135[[#This Row],[NEPA Availablity]] -> 0 | E34: =Table113[[#This Row],[Comp E75 -1 Run Hours]] -> 0 | F34: =Table113[[#This Row],[Comp E75 -2 Run Hours]] -> 0 | G34: =Table113[[#This Row],[Comp E75 -3 Run Hours]] -> 0 | H34: =Table113[[#This Row],[Comp E55 Run Hours]] -> 0 | I34: =Table113456[[#This Row],[DG Milling Run Hours]] -> 0 | J34: =Table113456[[#This Row],[DG Parboiling Run Hours]] -> 0 | K34: =Table113456[[#This Row],[DG Utility Run Hours]] -> 0 | L34: =Table113456[[#This Row],[DG Admin Run Hours]] -> 0 | M34: =Table113[[#This Row],[Comp E75 -1 Rem Hours To Service]] -> 5440 | N34: =Table113[[#This Row],[Comp E75 -2 Rem Hours To Service]] -> 8066 | O34: =Table113[[#This Row],[Comp E75 -3 Rem Hours To Service]] -> 4000 | P34: =Table113[[#This Row],[Comp E55 Rem Hours To Service]] -> 26930 | Q34: =$Y$3-Table113456[[#This Row],[DG Milling Run Hr Meter]] -> 5824 | R34: =Table113456[[#This Row],[DG Parboil REM SERVICE Hr]] -> 12643.5 | S34: =Table113456[[#This Row],[DG Utility REM SERVICE Hr]] -> 31150 | T34: =Table113456[[#This Row],[DG Admin REM SERVICE Hr]] -> 3540 | AD34: =Diesel!I34 -> 0
A35: ='PowerHouse Data'!$AI$1 -> 0 | B35: =Table113456[[#This Row],[Main Tank Consumption (Liters)]] -> 0 | C35: =Table1135[[#This Row],[NEPA Consumption (KWH)]] -> 0 | D35: =Table1135[[#This Row],[NEPA Availablity]] -> 0 | E35: =Table113[[#This Row],[Comp E75 -1 Run Hours]] -> 0 | F35: =Table113[[#This Row],[Comp E75 -2 Run Hours]] -> 0 | G35: =Table113[[#This Row],[Comp E75 -3 Run Hours]] -> 0 | H35: =Table113[[#This Row],[Comp E55 Run Hours]] -> 0 | I35: =Table113456[[#This Row],[DG Milling Run Hours]] -> 0 | J35: =Table113456[[#This Row],[DG Parboiling Run Hours]] -> 0 | K35: =Table113456[[#This Row],[DG Utility Run Hours]] -> 0 | L35: =Table113456[[#This Row],[DG Admin Run Hours]] -> 0 | M35: =Table113[[#This Row],[Comp E75 -1 Rem Hours To Service]] -> 5440 | N35: =Table113[[#This Row],[Comp E75 -2 Rem Hours To Service]] -> 8066 | O35: =Table113[[#This Row],[Comp E75 -3 Rem Hours To Service]] -> 4000 | P35: =Table113[[#This Row],[Comp E55 Rem Hours To Service]] -> 26930 | Q35: =$Y$3-Table113456[[#This Row],[DG Milling Run Hr Meter]] -> 5824 | R35: =Table113456[[#This Row],[DG Parboil REM SERVICE Hr]] -> 12643.5 | S35: =Table113456[[#This Row],[DG Utility REM SERVICE Hr]] -> 31150 | T35: =Table113456[[#This Row],[DG Admin REM SERVICE Hr]] -> 3540 | AD35: =Diesel!I35 -> 0
B37: =SUM(B4:B34) -> 40462.5 | C37: =SUM(C4:C31) -> -24324380 | E37: =B37-B32 -> 40462.5
B39: NOTE: 06.08.2026 Receive desiel 22 X 230 = 5060 ltrs Befor Receive dip Reading 2098 = 37973 ltrs Calculation wise = 43033 ltrs After Receive dip Reading 2412 = 43035ltrs differance getting extra = 2 ltrs

Sheet Compressor
A1: Date | B1: Comp E75 -1 Run Hours | C1: Comp E75 -1 Run Hr | D1: Comp E75 -1 Rem Hours To Service | E1: Comp E75 -2 Run Hours | F1: Comp E75 -2 Run Hr | G1: Comp E75 -2 Rem Hours To Service | H1: Comp E75 -3 Run Hours | I1: Comp E75 -3 Run Hr | J1: Comp E75 -3 Rem Hours To Service | K1: Comp E55 Run Hours | L1: Comp E55 Run Hr | M1: Comp E55 Rem Hours To Service | N1: Comp E75 -1 Next Ser Hours | O1: Comp E75 -2 Next Ser Hours | P1: Comp E75 -3 Next Ser Hours | Q1: Comp E55 Next Ser Hours
A2: 46233 | B2: 0 | C2: 4033 | D2: 1407 | E2: 0 | F2: 6841 | G2: 1225 | H2: 0 | I2: 972 | J2: 3028 | K2: 0 | L2: 25941 | M2: 989
A3: ='PowerHouse Data'!$C$1 -> 46265 | B3: ='PowerHouse Data'!D9-'PowerHouse Data'!C9 -> 0 | C3: ='PowerHouse Data'!$D$9 -> 4033 | D3: =$N$3-Table113[[#This Row],[Comp E75 -1 Run Hr]] -> 1407 | E3: ='PowerHouse Data'!D10-'PowerHouse Data'!C10 -> 0 | F3: ='PowerHouse Data'!$D$10 -> 6841 | G3: =$O$3-Table113[[#This Row],[Comp E75 -2 Run Hr]] -> 1225 | H3: ='PowerHouse Data'!D11-'PowerHouse Data'!C11 -> 0 | I3: ='PowerHouse Data'!$D$11 -> 972 | J3: =$P$3-Table113[[#This Row],[Comp E75 -3 Run Hr]] -> 3028 | K3: ='PowerHouse Data'!D12-'PowerHouse Data'!C12 -> 0 | L3: ='PowerHouse Data'!$D$12 -> 25941 | M3: =$Q$3-Table113[[#This Row],[Comp E55 Run Hr]] -> 989 | N3: 5440 | O3: 8066 | P3: 4000 | Q3: 26930
A4: ='PowerHouse Data'!$D$1 -> 46266 | B4: =Table113[[#This Row],[Comp E75 -1 Run Hr]]-C3 -> 0 | C4: ='PowerHouse Data'!$E$9 -> 4033 | D4: =$N$3-Table113[[#This Row],[Comp E75 -1 Run Hr]] -> 1407 | E4: =Table113[[#This Row],[Comp E75 -2 Run Hr]]-F3 -> 0 | F4: ='PowerHouse Data'!$E$10 -> 6841 | G4: =$O$3-Table113[[#This Row],[Comp E75 -2 Run Hr]] -> 1225 | H4: =Table113[[#This Row],[Comp E75 -3 Run Hr]]-I3 -> 0 | I4: ='PowerHouse Data'!$E$11 -> 972 | J4: =$P$3-Table113[[#This Row],[Comp E75 -3 Run Hr]] -> 3028 | K4: =Table113[[#This Row],[Comp E55 Run Hr]]-L3 -> 0 | L4: ='PowerHouse Data'!$E$12 -> 25941 | M4: =$Q$3-Table113[[#This Row],[Comp E55 Run Hr]] -> 989
A5: ='PowerHouse Data'!$E$1 -> 46267 | B5: =Table113[[#This Row],[Comp E75 -1 Run Hr]]-C4 -> 0 | C5: ='PowerHouse Data'!$F$9 -> 4033 | D5: =$N$3-Table113[[#This Row],[Comp E75 -1 Run Hr]] -> 1407 | E5: =Table113[[#This Row],[Comp E75 -2 Run Hr]]-F4 -> 0 | F5: ='PowerHouse Data'!$F$10 -> 6841 | G5: =$O$3-Table113[[#This Row],[Comp E75 -2 Run Hr]] -> 1225 | H5: =Table113[[#This Row],[Comp E75 -3 Run Hr]]-I4 -> 0 | I5: ='PowerHouse Data'!$F$11 -> 972 | J5: =$P$3-Table113[[#This Row],[Comp E75 -3 Run Hr]] -> 3028 | K5: =Table113[[#This Row],[Comp E55 Run Hr]]-L4 -> 0 | L5: ='PowerHouse Data'!$F$12 -> 25941 | M5: =$Q$3-Table113[[#This Row],[Comp E55 Run Hr]] -> 989
A6: ='PowerHouse Data'!$F$1 -> 46268 | B6: =Table113[[#This Row],[Comp E75 -1 Run Hr]]-C5 -> 0 | C6: ='PowerHouse Data'!$G$9 -> 4033 | D6: =$N$3-Table113[[#This Row],[Comp E75 -1 Run Hr]] -> 1407 | E6: =Table113[[#This Row],[Comp E75 -2 Run Hr]]-F5 -> 0 | F6: ='PowerHouse Data'!$G$10 -> 6841 | G6: =$O$3-Table113[[#This Row],[Comp E75 -2 Run Hr]] -> 1225 | H6: =Table113[[#This Row],[Comp E75 -3 Run Hr]]-I5 -> 0 | I6: ='PowerHouse Data'!$G$11 -> 972 | J6: =$P$3-Table113[[#This Row],[Comp E75 -3 Run Hr]] -> 3028 | K6: =Table113[[#This Row],[Comp E55 Run Hr]]-L5 -> 0 | L6: ='PowerHouse Data'!$G$12 -> 25941 | M6: =$Q$3-Table113[[#This Row],[Comp E55 Run Hr]] -> 989
A7: ='PowerHouse Data'!$G$1 -> 46269 | B7: =Table113[[#This Row],[Comp E75 -1 Run Hr]]-C6 -> 0 | C7: ='PowerHouse Data'!$H$9 -> 4033 | D7: =$N$3-Table113[[#This Row],[Comp E75 -1 Run Hr]] -> 1407 | E7: =Table113[[#This Row],[Comp E75 -2 Run Hr]]-F6 -> 0 | F7: ='PowerHouse Data'!$H$10 -> 6841 | G7: =$O$3-Table113[[#This Row],[Comp E75 -2 Run Hr]] -> 1225 | H7: =Table113[[#This Row],[Comp E75 -3 Run Hr]]-I6 -> 0 | I7: ='PowerHouse Data'!$H$11 -> 972 | J7: =$P$3-Table113[[#This Row],[Comp E75 -3 Run Hr]] -> 3028 | K7: =Table113[[#This Row],[Comp E55 Run Hr]]-L6 -> 0 | L7: ='PowerHouse Data'!$H$12 -> 25941 | M7: =$Q$3-Table113[[#This Row],[Comp E55 Run Hr]] -> 989
A8: ='PowerHouse Data'!$H$1 -> 46270 | B8: =Table113[[#This Row],[Comp E75 -1 Run Hr]]-C7 -> 0 | C8: ='PowerHouse Data'!$I$9 -> 4033 | D8: =$N$3-Table113[[#This Row],[Comp E75 -1 Run Hr]] -> 1407 | E8: =Table113[[#This Row],[Comp E75 -2 Run Hr]]-F7 -> 0 | F8: ='PowerHouse Data'!$I$10 -> 6841 | G8: =$O$3-Table113[[#This Row],[Comp E75 -2 Run Hr]] -> 1225 | H8: =Table113[[#This Row],[Comp E75 -3 Run Hr]]-I7 -> 0 | I8: ='PowerHouse Data'!$I$11 -> 972 | J8: =$P$3-Table113[[#This Row],[Comp E75 -3 Run Hr]] -> 3028 | K8: =Table113[[#This Row],[Comp E55 Run Hr]]-L7 -> 0 | L8: ='PowerHouse Data'!$I$12 -> 25941 | M8: =$Q$3-Table113[[#This Row],[Comp E55 Run Hr]] -> 989
A9: ='PowerHouse Data'!$I$1 -> 46271 | B9: =Table113[[#This Row],[Comp E75 -1 Run Hr]]-C8 -> 0 | C9: ='PowerHouse Data'!$J$9 -> 4033 | D9: =$N$3-Table113[[#This Row],[Comp E75 -1 Run Hr]] -> 1407 | E9: =Table113[[#This Row],[Comp E75 -2 Run Hr]]-F8 -> 0 | F9: ='PowerHouse Data'!$J$10 -> 6841 | G9: =$O$3-Table113[[#This Row],[Comp E75 -2 Run Hr]] -> 1225 | H9: =Table113[[#This Row],[Comp E75 -3 Run Hr]]-I8 -> 0 | I9: ='PowerHouse Data'!$J$11 -> 972 | J9: =$P$3-Table113[[#This Row],[Comp E75 -3 Run Hr]] -> 3028 | K9: =Table113[[#This Row],[Comp E55 Run Hr]]-L8 -> 0 | L9: ='PowerHouse Data'!$J$12 -> 25941 | M9: =$Q$3-Table113[[#This Row],[Comp E55 Run Hr]] -> 989
A10: ='PowerHouse Data'!$J$1 -> 46272 | B10: =Table113[[#This Row],[Comp E75 -1 Run Hr]]-C9 -> 0 | C10: ='PowerHouse Data'!$K$9 -> 4033 | D10: =$N$3-Table113[[#This Row],[Comp E75 -1 Run Hr]] -> 1407 | E10: =Table113[[#This Row],[Comp E75 -2 Run Hr]]-F9 -> 0 | F10: ='PowerHouse Data'!$K$10 -> 6841 | G10: =$O$3-Table113[[#This Row],[Comp E75 -2 Run Hr]] -> 1225 | H10: =Table113[[#This Row],[Comp E75 -3 Run Hr]]-I9 -> 0 | I10: ='PowerHouse Data'!$K$11 -> 972 | J10: =$P$3-Table113[[#This Row],[Comp E75 -3 Run Hr]] -> 3028 | K10: =Table113[[#This Row],[Comp E55 Run Hr]]-L9 -> 0 | L10: ='PowerHouse Data'!$K$12 -> 25941 | M10: =$Q$3-Table113[[#This Row],[Comp E55 Run Hr]] -> 989
A11: ='PowerHouse Data'!$K$1 -> 46273 | B11: =Table113[[#This Row],[Comp E75 -1 Run Hr]]-C10 -> 0 | C11: ='PowerHouse Data'!$L$9 -> 4033 | D11: =$N$3-Table113[[#This Row],[Comp E75 -1 Run Hr]] -> 1407 | E11: =Table113[[#This Row],[Comp E75 -2 Run Hr]]-F10 -> 0 | F11: ='PowerHouse Data'!$L$10 -> 6841 | G11: =$O$3-Table113[[#This Row],[Comp E75 -2 Run Hr]] -> 1225 | H11: =Table113[[#This Row],[Comp E75 -3 Run Hr]]-I10 -> 0 | I11: ='PowerHouse Data'!$L$11 -> 972 | J11: =$P$3-Table113[[#This Row],[Comp E75 -3 Run Hr]] -> 3028 | K11: =Table113[[#This Row],[Comp E55 Run Hr]]-L10 -> 0 | L11: ='PowerHouse Data'!$L$12 -> 25941 | M11: =$Q$3-Table113[[#This Row],[Comp E55 Run Hr]] -> 989
A12: ='PowerHouse Data'!$L$1 -> 46274 | B12: =Table113[[#This Row],[Comp E75 -1 Run Hr]]-C11 -> 0 | C12: ='PowerHouse Data'!$M$9 -> 4033 | D12: =$N$3-Table113[[#This Row],[Comp E75 -1 Run Hr]] -> 1407 | E12: =Table113[[#This Row],[Comp E75 -2 Run Hr]]-F11 -> 0 | F12: ='PowerHouse Data'!$M$10 -> 6841 | G12: =$O$3-Table113[[#This Row],[Comp E75 -2 Run Hr]] -> 1225 | H12: =Table113[[#This Row],[Comp E75 -3 Run Hr]]-I11 -> 0 | I12: ='PowerHouse Data'!$M$11 -> 972 | J12: =$P$3-Table113[[#This Row],[Comp E75 -3 Run Hr]] -> 3028 | K12: =Table113[[#This Row],[Comp E55 Run Hr]]-L11 -> 0 | L12: ='PowerHouse Data'!$M$12 -> 25941 | M12: =$Q$3-Table113[[#This Row],[Comp E55 Run Hr]] -> 989
A13: ='PowerHouse Data'!$M$1 -> 46275 | B13: =Table113[[#This Row],[Comp E75 -1 Run Hr]]-C12 -> 0 | C13: ='PowerHouse Data'!$N$9 -> 4033 | D13: =$N$3-Table113[[#This Row],[Comp E75 -1 Run Hr]] -> 1407 | E13: =Table113[[#This Row],[Comp E75 -2 Run Hr]]-F12 -> 0 | F13: ='PowerHouse Data'!$N$10 -> 6841 | G13: =$O$3-Table113[[#This Row],[Comp E75 -2 Run Hr]] -> 1225 | H13: =Table113[[#This Row],[Comp E75 -3 Run Hr]]-I12 -> 0 | I13: ='PowerHouse Data'!$N$11 -> 972 | J13: =$P$3-Table113[[#This Row],[Comp E75 -3 Run Hr]] -> 3028 | K13: =Table113[[#This Row],[Comp E55 Run Hr]]-L12 -> 0 | L13: ='PowerHouse Data'!$N$12 -> 25941 | M13: =$Q$3-Table113[[#This Row],[Comp E55 Run Hr]] -> 989
A14: ='PowerHouse Data'!$N$1 -> 46276 | B14: =Table113[[#This Row],[Comp E75 -1 Run Hr]]-C13 -> 0 | C14: ='PowerHouse Data'!$O$9 -> 4033 | D14: =$N$3-Table113[[#This Row],[Comp E75 -1 Run Hr]] -> 1407 | E14: =Table113[[#This Row],[Comp E75 -2 Run Hr]]-F13 -> 0 | F14: ='PowerHouse Data'!$O$10 -> 6841 | G14: =$O$3-Table113[[#This Row],[Comp E75 -2 Run Hr]] -> 1225 | H14: =Table113[[#This Row],[Comp E75 -3 Run Hr]]-I13 -> 0 | I14: ='PowerHouse Data'!$O$11 -> 972 | J14: =$P$3-Table113[[#This Row],[Comp E75 -3 Run Hr]] -> 3028 | K14: =Table113[[#This Row],[Comp E55 Run Hr]]-L13 -> 0 | L14: ='PowerHouse Data'!$O$12 -> 25941 | M14: =$Q$3-Table113[[#This Row],[Comp E55 Run Hr]] -> 989
A15: ='PowerHouse Data'!$O$1 -> 46277 | B15: =Table113[[#This Row],[Comp E75 -1 Run Hr]]-C14 -> 0 | C15: ='PowerHouse Data'!$P$9 -> 4033 | D15: =$N$3-Table113[[#This Row],[Comp E75 -1 Run Hr]] -> 1407 | E15: =Table113[[#This Row],[Comp E75 -2 Run Hr]]-F14 -> 0 | F15: ='PowerHouse Data'!$P$10 -> 6841 | G15: =$O$3-Table113[[#This Row],[Comp E75 -2 Run Hr]] -> 1225 | H15: =Table113[[#This Row],[Comp E75 -3 Run Hr]]-I14 -> 0 | I15: ='PowerHouse Data'!$P$11 -> 972 | J15: =$P$3-Table113[[#This Row],[Comp E75 -3 Run Hr]] -> 3028 | K15: =Table113[[#This Row],[Comp E55 Run Hr]]-L14 -> 0 | L15: ='PowerHouse Data'!$P$12 -> 25941 | M15: =$Q$3-Table113[[#This Row],[Comp E55 Run Hr]] -> 989
A16: ='PowerHouse Data'!$P$1 -> 46278 | B16: =Table113[[#This Row],[Comp E75 -1 Run Hr]]-C15 -> 0 | C16: ='PowerHouse Data'!$Q$9 -> 4033 | D16: =$N$3-Table113[[#This Row],[Comp E75 -1 Run Hr]] -> 1407 | E16: =Table113[[#This Row],[Comp E75 -2 Run Hr]]-F15 -> 0 | F16: ='PowerHouse Data'!$Q$10 -> 6841 | G16: =$O$3-Table113[[#This Row],[Comp E75 -2 Run Hr]] -> 1225 | H16: =Table113[[#This Row],[Comp E75 -3 Run Hr]]-I15 -> 0 | I16: ='PowerHouse Data'!$Q$11 -> 972 | J16: =$P$3-Table113[[#This Row],[Comp E75 -3 Run Hr]] -> 3028 | K16: =Table113[[#This Row],[Comp E55 Run Hr]]-L15 -> 0 | L16: ='PowerHouse Data'!$Q$12 -> 25941 | M16: =$Q$3-Table113[[#This Row],[Comp E55 Run Hr]] -> 989
A17: ='PowerHouse Data'!$Q$1 -> 46279 | B17: =Table113[[#This Row],[Comp E75 -1 Run Hr]]-C16 -> 0 | C17: ='PowerHouse Data'!$R$9 -> 4033 | D17: =$N$3-Table113[[#This Row],[Comp E75 -1 Run Hr]] -> 1407 | E17: =Table113[[#This Row],[Comp E75 -2 Run Hr]]-F16 -> 0 | F17: ='PowerHouse Data'!$R$10 -> 6841 | G17: =$O$3-Table113[[#This Row],[Comp E75 -2 Run Hr]] -> 1225 | H17: =Table113[[#This Row],[Comp E75 -3 Run Hr]]-I16 -> 0 | I17: ='PowerHouse Data'!$R$11 -> 972 | J17: =$P$3-Table113[[#This Row],[Comp E75 -3 Run Hr]] -> 3028 | K17: =Table113[[#This Row],[Comp E55 Run Hr]]-L16 -> 0 | L17: ='PowerHouse Data'!$R$12 -> 25941 | M17: =$Q$3-Table113[[#This Row],[Comp E55 Run Hr]] -> 989
A18: ='PowerHouse Data'!$R$1 -> 46280 | B18: =Table113[[#This Row],[Comp E75 -1 Run Hr]]-C17 -> 0 | C18: ='PowerHouse Data'!$S$9 -> 4033 | D18: =$N$3-Table113[[#This Row],[Comp E75 -1 Run Hr]] -> 1407 | E18: =Table113[[#This Row],[Comp E75 -2 Run Hr]]-F17 -> 0 | F18: ='PowerHouse Data'!$S$10 -> 6841 | G18: =$O$3-Table113[[#This Row],[Comp E75 -2 Run Hr]] -> 1225 | H18: =Table113[[#This Row],[Comp E75 -3 Run Hr]]-I17 -> 0 | I18: ='PowerHouse Data'!$S$11 -> 972 | J18: =$P$3-Table113[[#This Row],[Comp E75 -3 Run Hr]] -> 3028 | K18: =Table113[[#This Row],[Comp E55 Run Hr]]-L17 -> 0 | L18: ='PowerHouse Data'!$S$12 -> 25941 | M18: =$Q$3-Table113[[#This Row],[Comp E55 Run Hr]] -> 989
A19: ='PowerHouse Data'!$S$1 -> 46281 | B19: =Table113[[#This Row],[Comp E75 -1 Run Hr]]-C18 -> -4033 | C19: ='PowerHouse Data'!$T$9 -> 0 | D19: =$N$3-Table113[[#This Row],[Comp E75 -1 Run Hr]] -> 5440 | E19: =Table113[[#This Row],[Comp E75 -2 Run Hr]]-F18 -> -6841 | F19: ='PowerHouse Data'!$T$10 -> 0 | G19: =$O$3-Table113[[#This Row],[Comp E75 -2 Run Hr]] -> 8066 | H19: =Table113[[#This Row],[Comp E75 -3 Run Hr]]-I18 -> -972 | I19: ='PowerHouse Data'!$T$11 -> 0 | J19: =$P$3-Table113[[#This Row],[Comp E75 -3 Run Hr]] -> 4000 | K19: =Table113[[#This Row],[Comp E55 Run Hr]]-L18 -> -25941 | L19: ='PowerHouse Data'!$T$12 -> 0 | M19: =$Q$3-Table113[[#This Row],[Comp E55 Run Hr]] -> 26930
A20: ='PowerHouse Data'!$T$1 -> 46282 | B20: =Table113[[#This Row],[Comp E75 -1 Run Hr]]-C19 -> 0 | C20: ='PowerHouse Data'!$U$9 -> 0 | D20: =$N$3-Table113[[#This Row],[Comp E75 -1 Run Hr]] -> 5440 | E20: =Table113[[#This Row],[Comp E75 -2 Run Hr]]-F19 -> 0 | F20: ='PowerHouse Data'!$U$10 -> 0 | G20: =$O$3-Table113[[#This Row],[Comp E75 -2 Run Hr]] -> 8066 | H20: =Table113[[#This Row],[Comp E75 -3 Run Hr]]-I19 -> 0 | I20: ='PowerHouse Data'!$U$11 -> 0 | J20: =$P$3-Table113[[#This Row],[Comp E75 -3 Run Hr]] -> 4000 | K20: =Table113[[#This Row],[Comp E55 Run Hr]]-L19 -> 0 | L20: ='PowerHouse Data'!$U$12 -> 0 | M20: =$Q$3-Table113[[#This Row],[Comp E55 Run Hr]] -> 26930
A21: ='PowerHouse Data'!$U$1 -> 46283 | B21: =Table113[[#This Row],[Comp E75 -1 Run Hr]]-C20 -> 0 | C21: ='PowerHouse Data'!$V$9 -> 0 | D21: =$N$3-Table113[[#This Row],[Comp E75 -1 Run Hr]] -> 5440 | E21: =Table113[[#This Row],[Comp E75 -2 Run Hr]]-F20 -> 0 | F21: ='PowerHouse Data'!$V$10 -> 0 | G21: =$O$3-Table113[[#This Row],[Comp E75 -2 Run Hr]] -> 8066 | H21: =Table113[[#This Row],[Comp E75 -3 Run Hr]]-I20 -> 0 | I21: ='PowerHouse Data'!$V$11 -> 0 | J21: =$P$3-Table113[[#This Row],[Comp E75 -3 Run Hr]] -> 4000 | K21: =Table113[[#This Row],[Comp E55 Run Hr]]-L20 -> 0 | L21: ='PowerHouse Data'!$V$12 -> 0 | M21: =$Q$3-Table113[[#This Row],[Comp E55 Run Hr]] -> 26930
A22: ='PowerHouse Data'!$V$1 -> 46284 | B22: =Table113[[#This Row],[Comp E75 -1 Run Hr]]-C21 -> 0 | C22: ='PowerHouse Data'!$W$9 -> 0 | D22: =$N$3-Table113[[#This Row],[Comp E75 -1 Run Hr]] -> 5440 | E22: =Table113[[#This Row],[Comp E75 -2 Run Hr]]-F21 -> 0 | F22: ='PowerHouse Data'!$W$10 -> 0 | G22: =$O$3-Table113[[#This Row],[Comp E75 -2 Run Hr]] -> 8066 | H22: =Table113[[#This Row],[Comp E75 -3 Run Hr]]-I21 -> 0 | I22: ='PowerHouse Data'!$W$11 -> 0 | J22: =$P$3-Table113[[#This Row],[Comp E75 -3 Run Hr]] -> 4000 | K22: =Table113[[#This Row],[Comp E55 Run Hr]]-L21 -> 0 | L22: ='PowerHouse Data'!$W$12 -> 0 | M22: =$Q$3-Table113[[#This Row],[Comp E55 Run Hr]] -> 26930
A23: ='PowerHouse Data'!$W$1 -> 46285 | B23: =Table113[[#This Row],[Comp E75 -1 Run Hr]]-C22 -> 0 | C23: ='PowerHouse Data'!$X$9 -> 0 | D23: =$N$3-Table113[[#This Row],[Comp E75 -1 Run Hr]] -> 5440 | E23: =Table113[[#This Row],[Comp E75 -2 Run Hr]]-F22 -> 0 | F23: ='PowerHouse Data'!$X$10 -> 0 | G23: =$O$3-Table113[[#This Row],[Comp E75 -2 Run Hr]] -> 8066 | H23: =Table113[[#This Row],[Comp E75 -3 Run Hr]]-I22 -> 0 | I23: ='PowerHouse Data'!$X$11 -> 0 | J23: =$P$3-Table113[[#This Row],[Comp E75 -3 Run Hr]] -> 4000 | K23: =Table113[[#This Row],[Comp E55 Run Hr]]-L22 -> 0 | L23: ='PowerHouse Data'!$X$12 -> 0 | M23: =$Q$3-Table113[[#This Row],[Comp E55 Run Hr]] -> 26930
A24: ='PowerHouse Data'!$X$1 -> 46286 | B24: =Table113[[#This Row],[Comp E75 -1 Run Hr]]-C23 -> 0 | C24: ='PowerHouse Data'!$Y$9 -> 0 | D24: =$N$3-Table113[[#This Row],[Comp E75 -1 Run Hr]] -> 5440 | E24: =Table113[[#This Row],[Comp E75 -2 Run Hr]]-F23 -> 0 | F24: ='PowerHouse Data'!$Y$10 -> 0 | G24: =$O$3-Table113[[#This Row],[Comp E75 -2 Run Hr]] -> 8066 | H24: =Table113[[#This Row],[Comp E75 -3 Run Hr]]-I23 -> 0 | I24: ='PowerHouse Data'!$Y$11 -> 0 | J24: =$P$3-Table113[[#This Row],[Comp E75 -3 Run Hr]] -> 4000 | K24: =Table113[[#This Row],[Comp E55 Run Hr]]-L23 -> 0 | L24: ='PowerHouse Data'!$Y$12 -> 0 | M24: =$Q$3-Table113[[#This Row],[Comp E55 Run Hr]] -> 26930
A25: ='PowerHouse Data'!$Y$1 -> 46287 | B25: =Table113[[#This Row],[Comp E75 -1 Run Hr]]-C24 -> 0 | C25: ='PowerHouse Data'!$Z$9 -> 0 | D25: =$N$3-Table113[[#This Row],[Comp E75 -1 Run Hr]] -> 5440 | E25: =Table113[[#This Row],[Comp E75 -2 Run Hr]]-F24 -> 0 | F25: ='PowerHouse Data'!$Z$10 -> 0 | G25: =$O$3-Table113[[#This Row],[Comp E75 -2 Run Hr]] -> 8066 | H25: =Table113[[#This Row],[Comp E75 -3 Run Hr]]-I24 -> 0 | I25: ='PowerHouse Data'!$Z$11 -> 0 | J25: =$P$3-Table113[[#This Row],[Comp E75 -3 Run Hr]] -> 4000 | K25: =Table113[[#This Row],[Comp E55 Run Hr]]-L24 -> 0 | L25: ='PowerHouse Data'!$Z$12 -> 0 | M25: =$Q$3-Table113[[#This Row],[Comp E55 Run Hr]] -> 26930
A26: ='PowerHouse Data'!$Z$1 -> 46288 | B26: =Table113[[#This Row],[Comp E75 -1 Run Hr]]-C25 -> 0 | C26: ='PowerHouse Data'!$AA$9 -> 0 | D26: =$N$3-Table113[[#This Row],[Comp E75 -1 Run Hr]] -> 5440 | E26: =Table113[[#This Row],[Comp E75 -2 Run Hr]]-F25 -> 0 | F26: ='PowerHouse Data'!$AA$10 -> 0 | G26: =$O$3-Table113[[#This Row],[Comp E75 -2 Run Hr]] -> 8066 | H26: =Table113[[#This Row],[Comp E75 -3 Run Hr]]-I25 -> 0 | I26: ='PowerHouse Data'!$AA$11 -> 0 | J26: =$P$3-Table113[[#This Row],[Comp E75 -3 Run Hr]] -> 4000 | K26: =Table113[[#This Row],[Comp E55 Run Hr]]-L25 -> 0 | L26: ='PowerHouse Data'!$AA$12 -> 0 | M26: =$Q$3-Table113[[#This Row],[Comp E55 Run Hr]] -> 26930
A27: ='PowerHouse Data'!$AA$1 -> 46289 | B27: =Table113[[#This Row],[Comp E75 -1 Run Hr]]-C26 -> 0 | C27: ='PowerHouse Data'!$AB$9 -> 0 | D27: =$N$3-Table113[[#This Row],[Comp E75 -1 Run Hr]] -> 5440 | E27: =Table113[[#This Row],[Comp E75 -2 Run Hr]]-F26 -> 0 | F27: ='PowerHouse Data'!$AB$10 -> 0 | G27: =$O$3-Table113[[#This Row],[Comp E75 -2 Run Hr]] -> 8066 | H27: =Table113[[#This Row],[Comp E75 -3 Run Hr]]-I26 -> 0 | I27: ='PowerHouse Data'!$AB$11 -> 0 | J27: =$P$3-Table113[[#This Row],[Comp E75 -3 Run Hr]] -> 4000 | K27: =Table113[[#This Row],[Comp E55 Run Hr]]-L26 -> 0 | L27: ='PowerHouse Data'!$AB$12 -> 0 | M27: =$Q$3-Table113[[#This Row],[Comp E55 Run Hr]] -> 26930
A28: ='PowerHouse Data'!$AB$1 -> 46290 | B28: =Table113[[#This Row],[Comp E75 -1 Run Hr]]-C27 -> 0 | C28: ='PowerHouse Data'!$AC$9 -> 0 | D28: =$N$3-Table113[[#This Row],[Comp E75 -1 Run Hr]] -> 5440 | E28: =Table113[[#This Row],[Comp E75 -2 Run Hr]]-F27 -> 0 | F28: ='PowerHouse Data'!$AC$10 -> 0 | G28: =$O$3-Table113[[#This Row],[Comp E75 -2 Run Hr]] -> 8066 | H28: =Table113[[#This Row],[Comp E75 -3 Run Hr]]-I27 -> 0 | I28: ='PowerHouse Data'!$AC$11 -> 0 | J28: =$P$3-Table113[[#This Row],[Comp E75 -3 Run Hr]] -> 4000 | K28: =Table113[[#This Row],[Comp E55 Run Hr]]-L27 -> 0 | L28: ='PowerHouse Data'!$AC$12 -> 0 | M28: =$Q$3-Table113[[#This Row],[Comp E55 Run Hr]] -> 26930
A29: ='PowerHouse Data'!$AC$1 -> 46291 | B29: =Table113[[#This Row],[Comp E75 -1 Run Hr]]-C28 -> 0 | C29: ='PowerHouse Data'!$AD$9 -> 0 | D29: =$N$3-Table113[[#This Row],[Comp E75 -1 Run Hr]] -> 5440 | E29: =Table113[[#This Row],[Comp E75 -2 Run Hr]]-F28 -> 0 | F29: ='PowerHouse Data'!$AD$10 -> 0 | G29: =$O$3-Table113[[#This Row],[Comp E75 -2 Run Hr]] -> 8066 | H29: =Table113[[#This Row],[Comp E75 -3 Run Hr]]-I28 -> 0 | I29: ='PowerHouse Data'!$AD$11 -> 0 | J29: =$P$3-Table113[[#This Row],[Comp E75 -3 Run Hr]] -> 4000 | K29: =Table113[[#This Row],[Comp E55 Run Hr]]-L28 -> 0 | L29: ='PowerHouse Data'!$AD$12 -> 0 | M29: =$Q$3-Table113[[#This Row],[Comp E55 Run Hr]] -> 26930
A30: ='PowerHouse Data'!$AD$1 -> 46292 | B30: =Table113[[#This Row],[Comp E75 -1 Run Hr]]-C29 -> 0 | C30: ='PowerHouse Data'!$AE$9 -> 0 | D30: =$N$3-Table113[[#This Row],[Comp E75 -1 Run Hr]] -> 5440 | E30: =Table113[[#This Row],[Comp E75 -2 Run Hr]]-F29 -> 0 | F30: ='PowerHouse Data'!$AE$10 -> 0 | G30: =$O$3-Table113[[#This Row],[Comp E75 -2 Run Hr]] -> 8066 | H30: =Table113[[#This Row],[Comp E75 -3 Run Hr]]-I29 -> 0 | I30: ='PowerHouse Data'!$AE$11 -> 0 | J30: =$P$3-Table113[[#This Row],[Comp E75 -3 Run Hr]] -> 4000 | K30: =Table113[[#This Row],[Comp E55 Run Hr]]-L29 -> 0 | L30: ='PowerHouse Data'!$AE$12 -> 0 | M30: =$Q$3-Table113[[#This Row],[Comp E55 Run Hr]] -> 26930
A31: ='PowerHouse Data'!$AE$1 -> 46293 | B31: =Table113[[#This Row],[Comp E75 -1 Run Hr]]-C30 -> 0 | C31: ='PowerHouse Data'!$AF$9 -> 0 | D31: =$N$3-Table113[[#This Row],[Comp E75 -1 Run Hr]] -> 5440 | E31: =Table113[[#This Row],[Comp E75 -2 Run Hr]]-F30 -> 0 | F31: ='PowerHouse Data'!$AF$10 -> 0 | G31: =$O$3-Table113[[#This Row],[Comp E75 -2 Run Hr]] -> 8066 | H31: =Table113[[#This Row],[Comp E75 -3 Run Hr]]-I30 -> 0 | I31: ='PowerHouse Data'!$AF$11 -> 0 | J31: =$P$3-Table113[[#This Row],[Comp E75 -3 Run Hr]] -> 4000 | K31: =Table113[[#This Row],[Comp E55 Run Hr]]-L30 -> 0 | L31: ='PowerHouse Data'!$AF$12 -> 0 | M31: =$Q$3-Table113[[#This Row],[Comp E55 Run Hr]] -> 26930
A32: ='PowerHouse Data'!$AF$1 -> 46294 | B32: =Table113[[#This Row],[Comp E75 -1 Run Hr]]-C31 -> 0 | C32: ='PowerHouse Data'!$AG$9 -> 0 | D32: =$N$3-Table113[[#This Row],[Comp E75 -1 Run Hr]] -> 5440 | E32: =Table113[[#This Row],[Comp E75 -2 Run Hr]]-F31 -> 0 | F32: ='PowerHouse Data'!$AG$10 -> 0 | G32: =$O$3-Table113[[#This Row],[Comp E75 -2 Run Hr]] -> 8066 | H32: =Table113[[#This Row],[Comp E75 -3 Run Hr]]-I31 -> 0 | I32: ='PowerHouse Data'!$AG$11 -> 0 | J32: =$P$3-Table113[[#This Row],[Comp E75 -3 Run Hr]] -> 4000 | K32: =Table113[[#This Row],[Comp E55 Run Hr]]-L31 -> 0 | L32: ='PowerHouse Data'!$AG$12 -> 0 | M32: =$Q$3-Table113[[#This Row],[Comp E55 Run Hr]] -> 26930
A33: ='PowerHouse Data'!$AG$1 -> 46295 | B33: =Table113[[#This Row],[Comp E75 -1 Run Hr]]-C32 -> 0 | C33: ='PowerHouse Data'!$AH$9 -> 0 | D33: =$N$3-Table113[[#This Row],[Comp E75 -1 Run Hr]] -> 5440 | E33: =Table113[[#This Row],[Comp E75 -2 Run Hr]]-F32 -> 0 | F33: ='PowerHouse Data'!$AH$10 -> 0 | G33: =$O$3-Table113[[#This Row],[Comp E75 -2 Run Hr]] -> 8066 | H33: =Table113[[#This Row],[Comp E75 -3 Run Hr]]-I32 -> 0 | I33: ='PowerHouse Data'!$AH$11 -> 0 | J33: =$P$3-Table113[[#This Row],[Comp E75 -3 Run Hr]] -> 4000 | K33: =Table113[[#This Row],[Comp E55 Run Hr]]-L32 -> 0 | L33: ='PowerHouse Data'!$AH$12 -> 0 | M33: =$Q$3-Table113[[#This Row],[Comp E55 Run Hr]] -> 26930
A34: ='PowerHouse Data'!$AH$1 -> 46296 | B34: =Table113[[#This Row],[Comp E75 -1 Run Hr]]-C33 -> 0 | C34: ='PowerHouse Data'!$AI$9 -> 0 | D34: =$N$3-Table113[[#This Row],[Comp E75 -1 Run Hr]] -> 5440 | E34: =Table113[[#This Row],[Comp E75 -2 Run Hr]]-F33 -> 0 | F34: ='PowerHouse Data'!$AI$10 -> 0 | G34: =$O$3-Table113[[#This Row],[Comp E75 -2 Run Hr]] -> 8066 | H34: =Table113[[#This Row],[Comp E75 -2 Run Hr]]-I33 -> 0 | I34: ='PowerHouse Data'!$AI$11 -> 0 | J34: =$P$3-Table113[[#This Row],[Comp E75 -3 Run Hr]] -> 4000 | K34: =Table113[[#This Row],[Comp E55 Run Hr]]-L33 -> 0 | L34: ='PowerHouse Data'!$AI$12 -> 0 | M34: =$Q$3-Table113[[#This Row],[Comp E55 Run Hr]] -> 26930
A35: ='PowerHouse Data'!$AI$1 -> 0 | B35: =Table113[[#This Row],[Comp E75 -1 Run Hr]]-C34 -> 0 | C35: ='PowerHouse Data'!$AJ$9 -> 0 | D35: =$N$3-Table113[[#This Row],[Comp E75 -1 Run Hr]] -> 5440 | E35: =Table113[[#This Row],[Comp E75 -2 Run Hr]]-F34 -> 0 | F35: ='PowerHouse Data'!$AJ$10 -> 0 | G35: =$O$3-Table113[[#This Row],[Comp E75 -2 Run Hr]] -> 8066 | H35: =Table113[[#This Row],[Comp E75 -2 Run Hr]]-I34 -> 0 | I35: ='PowerHouse Data'!$AJ$11 -> 0 | J35: =$P$3-Table113[[#This Row],[Comp E75 -2 Run Hr]] -> 4000 | K35: =Table113[[#This Row],[Comp E55 Run Hr]]-L34 -> 0 | L35: ='PowerHouse Data'!$AJ$12 -> 0 | M35: =$Q$3-Table113[[#This Row],[Comp E55 Run Hr]] -> 26930
A36: ='PowerHouse Data'!$AJ$1 -> 0 | D36: =$N$2-Table113[[#This Row],[Comp E75 -1 Run Hr]] -> 0 | G36: =$O$2-Table113[[#This Row],[Comp E75 -2 Run Hr]] -> 0 | H36: =Table113[[#This Row],[Comp E75 -2 Run Hr]]-I35 -> 0 | J36: =$O$2-Table113[[#This Row],[Comp E75 -2 Run Hr]] -> 0 | M36: =$Q$2-Table113[[#This Row],[Comp E55 Run Hr]] -> 0

Sheet Diesel
A1: Date | B1: TIME | C1: Dip Stick Reading O/P Stock | D1: Dip Stick Reading C/L Stock | E1: Main Tank Opening Stock (Liters) | F1: Received (Liters) | G1: Main Tank Consumption (Liters) | H1: Main Tank Closing Stock (Liters) | I1: Current Total stock (Liters) | J1: DG Milling Run Hours | K1: DG Milling Run Hr Meter | L1: DG Parboiling Run Hours | M1: DG Parboiling Run Hr Meter | N1: DG Utility Run Hours | O1: DG Utility Run Hr Meter | P1: DG Admin Run Hours | Q1: DG Admin Run Hr Meter | R1: DG Milling NEXT SERVICE | S1: DG Milling REM SERVICE Hr | T1: DG Parboil NEXT SERVICE | U1: DG Parboil REM SERVICE Hr | V1: DG Utility NEXT SERVICE | W1: DG Utility REM SERVICE Hr | X1: DG Admin NEXT SERVICE | Y1: DG Admin REM SERVICE Hr | Z1: DIESEL ISSUE | AA1: Remarks | AB1: Dip / mm | AC1: Volume / Litters | AD1: Service tank (Liters)
A2: 46233 | C2: 2250 | D2: 2244 | E2: 40593.5 | F2: 0 | G2: 98.5 | H2: 40495 | I2: 45679 | J2: 2.2 | K2: 5687.4 | L2: 0 | M2: 12538.2 | N2: =Table113456[[#This Row],[DG Utility Run Hr Meter]]-O1 -> #VALUE! | O2: ='PowerHouse Data'!$C$15 -> 30943 | P2: =Table113456[[#This Row],[DG Admin Run Hr Meter]]-Q1 -> #VALUE! | Q2: ='PowerHouse Data'!$C$16 -> 3501.8 | R2: 5824 | S2: 136.6 | T2: 12643.5 | U2: 105.3 | V2: 31150 | W2: 206 | X2: 3540 | Y2: =Table113456[[#This Row],[DG Admin NEXT SERVICE]]-Table113456[[#This Row],[DG Admin Run Hr Meter]] -> 38.2 | Z2: 0 | AD2: ='PowerHouse Data'!C5 -> 5184
A3: ='PowerHouse Data'!$C$1 -> 46265 | B3: 0.29166667 | C3: ='PowerHouse Data'!C2 -> 2244 | D3: ='PowerHouse Data'!$D$2 -> 2242 | E3: =VLOOKUP(C3,$AB$3:$AC$2727,2,FALSE) -> 40495 | F3: ='PowerHouse Data'!$D$3 -> 0 | G3: =Table113456[[#This Row],[Main Tank Opening Stock (Liters)]]-Table113456[[#This Row],[Main Tank Closing Stock (Liters)]]+Table113456[[#This Row],[Received (Liters)]] -> 32.5 | H3: =VLOOKUP(D3,$AB$3:$AC$2727,2,FALSE) -> 40462.5 | I3: =Table113456[[#This Row],[Main Tank Closing Stock (Liters)]]+AD3 -> 45646.5 | J3: ='PowerHouse Data'!D13-'PowerHouse Data'!C13 -> 0 | K3: ='PowerHouse Data'!$D$13 -> 5687.4 | L3: ='PowerHouse Data'!D14-'PowerHouse Data'!C14 -> 0 | M3: ='PowerHouse Data'!$D$14 -> 12538.2 | N3: =Table113456[[#This Row],[DG Utility Run Hr Meter]]-O2 -> 1 | O3: ='PowerHouse Data'!$D$15 -> 30944 | P3: =Table113456[[#This Row],[DG Admin Run Hr Meter]]-Q2 -> 1 | Q3: ='PowerHouse Data'!$D$16 -> 3502.8 | R3: 5824 | S3: =Table113456[[#This Row],[DG Milling NEXT SERVICE ]]-Table113456[[#This Row],[DG Milling Run Hr Meter]] -> 136.6 | T3: 12643.5 | U3: =Table113456[[#This Row],[DG Parboil NEXT SERVICE]]-Table113456[[#This Row],[DG Parboiling Run Hr Meter]] -> 105.3 | V3: 31150 | W3: =Table113456[[#This Row],[DG Utility NEXT SERVICE]]-Table113456[[#This Row],[DG Utility Run Hr Meter]] -> 206 | X3: 3540 | Y3: =Table113456[[#This Row],[DG Admin NEXT SERVICE]]-Table113456[[#This Row],[DG Admin Run Hr Meter]] -> 37.2 | Z3: ='PowerHouse Data'!$D$4 -> 33 | AB3: 0 | AC3: 0 | AD3: ='PowerHouse Data'!$D$5 -> 5184
A4: ='PowerHouse Data'!$D$1 -> 46266 | B4: 0.29166667 | C4: =D3 -> 2242 | D4: ='PowerHouse Data'!$E$2 -> 2242 | E4: =VLOOKUP(C4,$AB$3:$AC$2727,2,FALSE) -> 40462.5 | F4: ='PowerHouse Data'!$E$3 -> 0 | G4: =Table113456[[#This Row],[Main Tank Opening Stock (Liters)]]-Table113456[[#This Row],[Main Tank Closing Stock (Liters)]]+Table113456[[#This Row],[Received (Liters)]] -> 0 | H4: =VLOOKUP(D4,$AB$3:$AC$2727,2,FALSE) -> 40462.5 | I4: =Table113456[[#This Row],[Main Tank Closing Stock (Liters)]]+AD4 -> 45646.5 | J4: =Table113456[[#This Row],[DG Milling Run Hr Meter]]-K3 -> 0 | K4: ='PowerHouse Data'!$E$13 -> 5687.4 | L4: =Table113456[[#This Row],[DG Parboiling Run Hr Meter]]-M3 -> 0 | M4: ='PowerHouse Data'!$E$14 -> 12538.2 | N4: =Table113456[[#This Row],[DG Utility Run Hr Meter]]-O3 -> 0.7 | O4: ='PowerHouse Data'!$E$15 -> 30944.7 | P4: =Table113456[[#This Row],[DG Admin Run Hr Meter]]-Q3 -> 0 | Q4: ='PowerHouse Data'!$E$16 -> 3502.8 | R4: 5824 | S4: =Table113456[[#This Row],[DG Milling NEXT SERVICE ]]-Table113456[[#This Row],[DG Milling Run Hr Meter]] -> 136.6 | T4: 12643.5 | U4: =Table113456[[#This Row],[DG Parboil NEXT SERVICE]]-Table113456[[#This Row],[DG Parboiling Run Hr Meter]] -> 105.3 | V4: 31150 | W4: =Table113456[[#This Row],[DG Utility NEXT SERVICE]]-Table113456[[#This Row],[DG Utility Run Hr Meter]] -> 205.3 | X4: 3540 | Y4: =Table113456[[#This Row],[DG Admin NEXT SERVICE]]-Table113456[[#This Row],[DG Admin Run Hr Meter]] -> 37.2 | Z4: ='PowerHouse Data'!$E$4 -> 0 | AB4: 1 | AC4: 1 | AD4: ='PowerHouse Data'!$E$5 -> 5184
A5: ='PowerHouse Data'!$E$1 -> 46267 | B5: 0.29166667 | C5: =D4 -> 2242 | D5: ='PowerHouse Data'!$F$2 -> 2236 | E5: =VLOOKUP(C5,$AB$3:$AC$2727,2,FALSE) -> 40462.5 | F5: ='PowerHouse Data'!$F$3 -> 0 | G5: =Table113456[[#This Row],[Main Tank Opening Stock (Liters)]]-Table113456[[#This Row],[Main Tank Closing Stock (Liters)]]+Table113456[[#This Row],[Received (Liters)]] -> 98.5 | H5: =VLOOKUP(D5,$AB$3:$AC$2727,2,FALSE) -> 40364 | I5: =Table113456[[#This Row],[Main Tank Closing Stock (Liters)]]+AD5 -> 45548 | J5: =Table113456[[#This Row],[DG Milling Run Hr Meter]]-K4 -> 1.3 | K5: ='PowerHouse Data'!$F$13 -> 5688.7 | L5: =Table113456[[#This Row],[DG Parboiling Run Hr Meter]]-M4 -> 0 | M5: ='PowerHouse Data'!$F$14 -> 12538.2 | N5: =Table113456[[#This Row],[DG Utility Run Hr Meter]]-O4 -> 0 | O5: ='PowerHouse Data'!$F$15 -> 30944.7 | P5: =Table113456[[#This Row],[DG Admin Run Hr Meter]]-Q4 -> 0 | Q5: ='PowerHouse Data'!$F$16 -> 3502.8 | R5: 5824 | S5: =Table113456[[#This Row],[DG Milling NEXT SERVICE ]]-Table113456[[#This Row],[DG Milling Run Hr Meter]] -> 135.3 | T5: 12643.5 | U5: =Table113456[[#This Row],[DG Parboil NEXT SERVICE]]-Table113456[[#This Row],[DG Parboiling Run Hr Meter]] -> 105.3 | V5: 31150 | W5: =Table113456[[#This Row],[DG Utility NEXT SERVICE]]-Table113456[[#This Row],[DG Utility Run Hr Meter]] -> 205.3 | X5: 3540 | Y5: =Table113456[[#This Row],[DG Admin NEXT SERVICE]]-Table113456[[#This Row],[DG Admin Run Hr Meter]] -> 37.2 | Z5: ='PowerHouse Data'!$F$4 -> 38 | AB5: 2 | AC5: 2 | AD5: ='PowerHouse Data'!$F$5 -> 5184
A6: ='PowerHouse Data'!$F$1 -> 46268 | B6: 0.29166667 | C6: =D5 -> 2236 | D6: ='PowerHouse Data'!$G$2 -> 2236 | E6: =VLOOKUP(C6,$AB$3:$AC$2727,2,FALSE) -> 40364 | F6: ='PowerHouse Data'!$G$3 -> 0 | G6: =Table113456[[#This Row],[Main Tank Opening Stock (Liters)]]-Table113456[[#This Row],[Main Tank Closing Stock (Liters)]]+Table113456[[#This Row],[Received (Liters)]] -> 0 | H6: =VLOOKUP(D6,$AB$3:$AC$2727,2,FALSE) -> 40364 | I6: =Table113456[[#This Row],[Main Tank Closing Stock (Liters)]]+AD6 -> 45548 | J6: =Table113456[[#This Row],[DG Milling Run Hr Meter]]-K5 -> 0 | K6: ='PowerHouse Data'!$G$13 -> 5688.7 | L6: =Table113456[[#This Row],[DG Parboiling Run Hr Meter]]-M5 -> 0 | M6: ='PowerHouse Data'!$G$14 -> 12538.2 | N6: =Table113456[[#This Row],[DG Utility Run Hr Meter]]-O5 -> 0 | O6: ='PowerHouse Data'!$G$15 -> 30944.7 | P6: =Table113456[[#This Row],[DG Admin Run Hr Meter]]-Q5 -> 0 | Q6: ='PowerHouse Data'!$G$16 -> 3502.8 | R6: 5824 | S6: =Table113456[[#This Row],[DG Milling NEXT SERVICE ]]-Table113456[[#This Row],[DG Milling Run Hr Meter]] -> 135.3 | T6: 12643.5 | U6: =Table113456[[#This Row],[DG Parboil NEXT SERVICE]]-Table113456[[#This Row],[DG Parboiling Run Hr Meter]] -> 105.3 | V6: 31150 | W6: =Table113456[[#This Row],[DG Utility NEXT SERVICE]]-Table113456[[#This Row],[DG Utility Run Hr Meter]] -> 205.3 | X6: 3540 | Y6: =Table113456[[#This Row],[DG Admin NEXT SERVICE]]-Table113456[[#This Row],[DG Admin Run Hr Meter]] -> 37.2 | Z6: ='PowerHouse Data'!$G$4 -> 0 | AB6: 3 | AC6: 3 | AD6: ='PowerHouse Data'!$G$5 -> 5184
A7: ='PowerHouse Data'!$G$1 -> 46269 | B7: 0.29166667 | C7: =D6 -> 2236 | D7: ='PowerHouse Data'!$H$2 -> 2236 | E7: =VLOOKUP(C7,$AB$3:$AC$2727,2,FALSE) -> 40364 | F7: ='PowerHouse Data'!$H$3 -> 0 | G7: =Table113456[[#This Row],[Main Tank Opening Stock (Liters)]]-Table113456[[#This Row],[Main Tank Closing Stock (Liters)]]+Table113456[[#This Row],[Received (Liters)]] -> 0 | H7: =VLOOKUP(D7,$AB$3:$AC$2727,2,FALSE) -> 40364 | I7: =Table113456[[#This Row],[Main Tank Closing Stock (Liters)]]+AD7 -> 45492 | J7: =Table113456[[#This Row],[DG Milling Run Hr Meter]]-K6 -> 0 | K7: ='PowerHouse Data'!$H$13 -> 5688.7 | L7: =Table113456[[#This Row],[DG Parboiling Run Hr Meter]]-M6 -> 0 | M7: ='PowerHouse Data'!$H$14 -> 12538.2 | N7: =Table113456[[#This Row],[DG Utility Run Hr Meter]]-O6 -> 0 | O7: ='PowerHouse Data'!$H$15 -> 30944.7 | P7: =Table113456[[#This Row],[DG Admin Run Hr Meter]]-Q6 -> 0 | Q7: ='PowerHouse Data'!$H$16 -> 3502.8 | R7: 5824 | S7: =Table113456[[#This Row],[DG Milling NEXT SERVICE ]]-Table113456[[#This Row],[DG Milling Run Hr Meter]] -> 135.3 | T7: 12643.5 | U7: =Table113456[[#This Row],[DG Parboil NEXT SERVICE]]-Table113456[[#This Row],[DG Parboiling Run Hr Meter]] -> 105.3 | V7: 31150 | W7: =Table113456[[#This Row],[DG Utility NEXT SERVICE]]-Table113456[[#This Row],[DG Utility Run Hr Meter]] -> 205.3 | X7: 3540 | Y7: =Table113456[[#This Row],[DG Admin NEXT SERVICE]]-Table113456[[#This Row],[DG Admin Run Hr Meter]] -> 37.2 | Z7: ='PowerHouse Data'!$H$4 -> 56 | AB7: 4 | AC7: 4 | AD7: ='PowerHouse Data'!$H$5 -> 5128
A8: ='PowerHouse Data'!$H$1 -> 46270 | B8: 0.29166667 | C8: =D7 -> 2236 | D8: ='PowerHouse Data'!$I$2 -> 2220 | E8: =VLOOKUP(C8,$AB$3:$AC$2727,2,FALSE) -> 40364 | F8: ='PowerHouse Data'!$I$3 -> 0 | G8: =Table113456[[#This Row],[Main Tank Opening Stock (Liters)]]-Table113456[[#This Row],[Main Tank Closing Stock (Liters)]]+Table113456[[#This Row],[Received (Liters)]] -> 266 | H8: =VLOOKUP(D8,$AB$3:$AC$2727,2,FALSE) -> 40098 | I8: =Table113456[[#This Row],[Main Tank Closing Stock (Liters)]]+AD8 -> 45282 | J8: =Table113456[[#This Row],[DG Milling Run Hr Meter]]-K7 -> 4.3 | K8: ='PowerHouse Data'!$I$13 -> 5693 | L8: =Table113456[[#This Row],[DG Parboiling Run Hr Meter]]-M7 -> 0 | M8: ='PowerHouse Data'!$I$14 -> 12538.2 | N8: =Table113456[[#This Row],[DG Utility Run Hr Meter]]-O7 -> 0 | O8: ='PowerHouse Data'!$I$15 -> 30944.7 | P8: =Table113456[[#This Row],[DG Admin Run Hr Meter]]-Q7 -> 1.4 | Q8: ='PowerHouse Data'!$I$16 -> 3504.2 | R8: 5824 | S8: =Table113456[[#This Row],[DG Milling NEXT SERVICE ]]-Table113456[[#This Row],[DG Milling Run Hr Meter]] -> 131 | T8: 12643.5 | U8: =Table113456[[#This Row],[DG Parboil NEXT SERVICE]]-Table113456[[#This Row],[DG Parboiling Run Hr Meter]] -> 105.3 | V8: 31150 | W8: =Table113456[[#This Row],[DG Utility NEXT SERVICE]]-Table113456[[#This Row],[DG Utility Run Hr Meter]] -> 205.3 | X8: 3540 | Y8: =Table113456[[#This Row],[DG Admin NEXT SERVICE]]-Table113456[[#This Row],[DG Admin Run Hr Meter]] -> 35.8 | Z8: ='PowerHouse Data'!$I$4 -> 10 | AB8: 5 | AC8: 6 | AD8: ='PowerHouse Data'!$I$5 -> 5184
A9: ='PowerHouse Data'!$I$1 -> 46271 | B9: 0.29166667 | C9: =D8 -> 2220 | D9: ='PowerHouse Data'!$J$2 -> 2220 | E9: =VLOOKUP(C9,$AB$3:$AC$2727,2,FALSE) -> 40098 | F9: ='PowerHouse Data'!$J$3 -> 0 | G9: =Table113456[[#This Row],[Main Tank Opening Stock (Liters)]]-Table113456[[#This Row],[Main Tank Closing Stock (Liters)]]+Table113456[[#This Row],[Received (Liters)]] -> 0 | H9: =VLOOKUP(D9,$AB$3:$AC$2727,2,FALSE) -> 40098 | I9: =Table113456[[#This Row],[Main Tank Closing Stock (Liters)]]+AD9 -> 45282 | J9: =Table113456[[#This Row],[DG Milling Run Hr Meter]]-K8 -> 0 | K9: ='PowerHouse Data'!$J$13 -> 5693 | L9: =Table113456[[#This Row],[DG Parboiling Run Hr Meter]]-M8 -> 0 | M9: ='PowerHouse Data'!$J$14 -> 12538.2 | N9: =Table113456[[#This Row],[DG Utility Run Hr Meter]]-O8 -> 0 | O9: ='PowerHouse Data'!$J$15 -> 30944.7 | P9: =Table113456[[#This Row],[DG Admin Run Hr Meter]]-Q8 -> 0 | Q9: ='PowerHouse Data'!$J$16 -> 3504.2 | R9: 5824 | S9: =Table113456[[#This Row],[DG Milling NEXT SERVICE ]]-Table113456[[#This Row],[DG Milling Run Hr Meter]] -> 131 | T9: 12643.5 | U9: =Table113456[[#This Row],[DG Parboil NEXT SERVICE]]-Table113456[[#This Row],[DG Parboiling Run Hr Meter]] -> 105.3 | V9: 31150 | W9: =Table113456[[#This Row],[DG Utility NEXT SERVICE]]-Table113456[[#This Row],[DG Utility Run Hr Meter]] -> 205.3 | X9: 3540 | Y9: =Table113456[[#This Row],[DG Admin NEXT SERVICE]]-Table113456[[#This Row],[DG Admin Run Hr Meter]] -> 35.8 | Z9: ='PowerHouse Data'!$J$4 -> 0 | AB9: 6 | AC9: 8 | AD9: ='PowerHouse Data'!$J$5 -> 5184
A10: ='PowerHouse Data'!$J$1 -> 46272 | B10: 0.29166667 | C10: =D9 -> 2220 | D10: ='PowerHouse Data'!$K$2 -> 2178 | E10: =VLOOKUP(C10,$AB$3:$AC$2727,2,FALSE) -> 40098 | F10: ='PowerHouse Data'!$K$3 -> 0 | G10: =Table113456[[#This Row],[Main Tank Opening Stock (Liters)]]-Table113456[[#This Row],[Main Tank Closing Stock (Liters)]]+Table113456[[#This Row],[Received (Liters)]] -> 712 | H10: =VLOOKUP(D10,$AB$3:$AC$2727,2,FALSE) -> 39386 | I10: =Table113456[[#This Row],[Main Tank Closing Stock (Liters)]]+AD10 -> 44570 | J10: =Table113456[[#This Row],[DG Milling Run Hr Meter]]-K9 -> 0 | K10: ='PowerHouse Data'!$K$13 -> 5693 | L10: =Table113456[[#This Row],[DG Parboiling Run Hr Meter]]-M9 -> 0 | M10: ='PowerHouse Data'!$K$14 -> 12538.2 | N10: =Table113456[[#This Row],[DG Utility Run Hr Meter]]-O9 -> 0 | O10: ='PowerHouse Data'!$K$15 -> 30944.7 | P10: =Table113456[[#This Row],[DG Admin Run Hr Meter]]-Q9 -> 0 | Q10: ='PowerHouse Data'!$K$16 -> 3504.2 | R10: 5824 | S10: =Table113456[[#This Row],[DG Milling NEXT SERVICE ]]-Table113456[[#This Row],[DG Milling Run Hr Meter]] -> 131 | T10: 12643.5 | U10: =Table113456[[#This Row],[DG Parboil NEXT SERVICE]]-Table113456[[#This Row],[DG Parboiling Run Hr Meter]] -> 105.3 | V10: 31150 | W10: =Table113456[[#This Row],[DG Utility NEXT SERVICE]]-Table113456[[#This Row],[DG Utility Run Hr Meter]] -> 205.3 | X10: 3540 | Y10: =Table113456[[#This Row],[DG Admin NEXT SERVICE]]-Table113456[[#This Row],[DG Admin Run Hr Meter]] -> 35.8 | Z10: ='PowerHouse Data'!$K$4 -> 712 | AB10: 7 | AC10: 10 | AD10: ='PowerHouse Data'!$K$5 -> 5184
A11: ='PowerHouse Data'!$K$1 -> 46273 | B11: 0.29166667 | C11: =D10 -> 2178 | D11: ='PowerHouse Data'!$L$2 -> 2160 | E11: =VLOOKUP(C11,$AB$3:$AC$2727,2,FALSE) -> 39386 | F11: ='PowerHouse Data'!$L$3 -> 0 | G11: =Table113456[[#This Row],[Main Tank Opening Stock (Liters)]]-Table113456[[#This Row],[Main Tank Closing Stock (Liters)]]+Table113456[[#This Row],[Received (Liters)]] -> 312 | H11: =VLOOKUP(D11,$AB$3:$AC$2727,2,FALSE) -> 39074 | I11: =Table113456[[#This Row],[Main Tank Closing Stock (Liters)]]+AD11 -> 44258 | J11: =Table113456[[#This Row],[DG Milling Run Hr Meter]]-K10 -> 5.7 | K11: ='PowerHouse Data'!$L$13 -> 5698.7 | L11: =Table113456[[#This Row],[DG Parboiling Run Hr Meter]]-M10 -> 0 | M11: ='PowerHouse Data'!$L$14 -> 12538.2 | N11: =Table113456[[#This Row],[DG Utility Run Hr Meter]]-O10 -> 0 | O11: ='PowerHouse Data'!$L$15 -> 30944.7 | P11: =Table113456[[#This Row],[DG Admin Run Hr Meter]]-Q10 -> 0 | Q11: ='PowerHouse Data'!$L$16 -> 3504.2 | R11: 5824 | S11: =Table113456[[#This Row],[DG Milling NEXT SERVICE ]]-Table113456[[#This Row],[DG Milling Run Hr Meter]] -> 125.3 | T11: 12643.5 | U11: =Table113456[[#This Row],[DG Parboil NEXT SERVICE]]-Table113456[[#This Row],[DG Parboiling Run Hr Meter]] -> 105.3 | V11: 31150 | W11: =Table113456[[#This Row],[DG Utility NEXT SERVICE]]-Table113456[[#This Row],[DG Utility Run Hr Meter]] -> 205.3 | X11: 3540 | Y11: =Table113456[[#This Row],[DG Admin NEXT SERVICE]]-Table113456[[#This Row],[DG Admin Run Hr Meter]] -> 35.8 | Z11: ='PowerHouse Data'!$L$4 -> 10 | AB11: 8 | AC11: 12 | AD11: ='PowerHouse Data'!$L$5 -> 5184
A12: ='PowerHouse Data'!$L$1 -> 46274 | B12: 0.29166667 | C12: =D11 -> 2160 | D12: ='PowerHouse Data'!$M$2 -> 2156 | E12: =VLOOKUP(C12,$AB$3:$AC$2727,2,FALSE) -> 39074 | F12: ='PowerHouse Data'!$M$3 -> 0 | G12: =Table113456[[#This Row],[Main Tank Opening Stock (Liters)]]-Table113456[[#This Row],[Main Tank Closing Stock (Liters)]]+Table113456[[#This Row],[Received (Liters)]] -> 70 | H12: =VLOOKUP(D12,$AB$3:$AC$2727,2,FALSE) -> 39004 | I12: =Table113456[[#This Row],[Main Tank Closing Stock (Liters)]]+AD12 -> 44188 | J12: =Table113456[[#This Row],[DG Milling Run Hr Meter]]-K11 -> 0.9 | K12: ='PowerHouse Data'!$M$13 -> 5699.6 | L12: =Table113456[[#This Row],[DG Parboiling Run Hr Meter]]-M11 -> 0 | M12: ='PowerHouse Data'!$M$14 -> 12538.2 | N12: =Table113456[[#This Row],[DG Utility Run Hr Meter]]-O11 -> 0.7 | O12: ='PowerHouse Data'!$M$15 -> 30945.4 | P12: =Table113456[[#This Row],[DG Admin Run Hr Meter]]-Q11 -> 0 | Q12: ='PowerHouse Data'!$M$16 -> 3504.2 | R12: 5824 | S12: =Table113456[[#This Row],[DG Milling NEXT SERVICE ]]-Table113456[[#This Row],[DG Milling Run Hr Meter]] -> 124.4 | T12: 12643.5 | U12: =Table113456[[#This Row],[DG Parboil NEXT SERVICE]]-Table113456[[#This Row],[DG Parboiling Run Hr Meter]] -> 105.3 | V12: 31150 | W12: =Table113456[[#This Row],[DG Utility NEXT SERVICE]]-Table113456[[#This Row],[DG Utility Run Hr Meter]] -> 204.6 | X12: 3540 | Y12: =Table113456[[#This Row],[DG Admin NEXT SERVICE]]-Table113456[[#This Row],[DG Admin Run Hr Meter]] -> 35.8 | Z12: ='PowerHouse Data'!$M$4 -> 28 | AB12: 9 | AC12: 14.5 | AD12: ='PowerHouse Data'!$M$5 -> 5184
A13: ='PowerHouse Data'!$M$1 -> 46275 | B13: 0.29166667 | C13: =D12 -> 2156 | D13: ='PowerHouse Data'!$N$2 -> 2146 | E13: =VLOOKUP(C13,$AB$3:$AC$2727,2,FALSE) -> 39004 | F13: ='PowerHouse Data'!$N$3 -> 0 | G13: =Table113456[[#This Row],[Main Tank Opening Stock (Liters)]]-Table113456[[#This Row],[Main Tank Closing Stock (Liters)]]+Table113456[[#This Row],[Received (Liters)]] -> 175 | H13: =VLOOKUP(D13,$AB$3:$AC$2727,2,FALSE) -> 38829 | I13: =Table113456[[#This Row],[Main Tank Closing Stock (Liters)]]+AD13 -> 44013 | J13: =Table113456[[#This Row],[DG Milling Run Hr Meter]]-K12 -> 2.9 | K13: ='PowerHouse Data'!$N$13 -> 5702.5 | L13: =Table113456[[#This Row],[DG Parboiling Run Hr Meter]]-M12 -> 0 | M13: ='PowerHouse Data'!$N$14 -> 12538.2 | N13: =Table113456[[#This Row],[DG Utility Run Hr Meter]]-O12 -> 0.8 | O13: ='PowerHouse Data'!$N$15 -> 30946.2 | P13: =Table113456[[#This Row],[DG Admin Run Hr Meter]]-Q12 -> 0 | Q13: ='PowerHouse Data'!$N$16 -> 3504.2 | R13: 5824 | S13: =Table113456[[#This Row],[DG Milling NEXT SERVICE ]]-Table113456[[#This Row],[DG Milling Run Hr Meter]] -> 121.5 | T13: 12643.5 | U13: =Table113456[[#This Row],[DG Parboil NEXT SERVICE]]-Table113456[[#This Row],[DG Parboiling Run Hr Meter]] -> 105.3 | V13: 31150 | W13: =Table113456[[#This Row],[DG Utility NEXT SERVICE]]-Table113456[[#This Row],[DG Utility Run Hr Meter]] -> 203.8 | X13: 3540 | Y13: =Table113456[[#This Row],[DG Admin NEXT SERVICE]]-Table113456[[#This Row],[DG Admin Run Hr Meter]] -> 35.8 | Z13: ='PowerHouse Data'!$N$4 -> 38 | AB13: 10 | AC13: 17 | AD13: ='PowerHouse Data'!$N$5 -> 5184
A14: ='PowerHouse Data'!$N$1 -> 46276 | B14: 0.29166667 | C14: =D13 -> 2146 | D14: ='PowerHouse Data'!$O$2 -> 2146 | E14: =VLOOKUP(C14,$AB$3:$AC$2727,2,FALSE) -> 38829 | F14: ='PowerHouse Data'!$O$3 -> 0 | G14: =Table113456[[#This Row],[Main Tank Opening Stock (Liters)]]-Table113456[[#This Row],[Main Tank Closing Stock (Liters)]]+Table113456[[#This Row],[Received (Liters)]] -> 0 | H14: =VLOOKUP(D14,$AB$3:$AC$2727,2,FALSE) -> 38829 | I14: =Table113456[[#This Row],[Main Tank Closing Stock (Liters)]]+AD14 -> 44013 | J14: =Table113456[[#This Row],[DG Milling Run Hr Meter]]-K13 -> 0 | K14: ='PowerHouse Data'!$O$13 -> 5702.5 | L14: =Table113456[[#This Row],[DG Parboiling Run Hr Meter]]-M13 -> 0 | M14: ='PowerHouse Data'!$O$14 -> 12538.2 | N14: =Table113456[[#This Row],[DG Utility Run Hr Meter]]-O13 -> 2.3 | O14: ='PowerHouse Data'!$O$15 -> 30948.5 | P14: =Table113456[[#This Row],[DG Admin Run Hr Meter]]-Q13 -> 0 | Q14: ='PowerHouse Data'!$O$16 -> 3504.2 | R14: 5824 | S14: =Table113456[[#This Row],[DG Milling NEXT SERVICE ]]-Table113456[[#This Row],[DG Milling Run Hr Meter]] -> 121.5 | T14: 12643.5 | U14: =Table113456[[#This Row],[DG Parboil NEXT SERVICE]]-Table113456[[#This Row],[DG Parboiling Run Hr Meter]] -> 105.3 | V14: 31150 | W14: =Table113456[[#This Row],[DG Utility NEXT SERVICE]]-Table113456[[#This Row],[DG Utility Run Hr Meter]] -> 201.5 | X14: 3540 | Y14: =Table113456[[#This Row],[DG Admin NEXT SERVICE]]-Table113456[[#This Row],[DG Admin Run Hr Meter]] -> 35.8 | Z14: ='PowerHouse Data'!$O$4 -> 0 | AB14: 11 | AC14: 19.5 | AD14: ='PowerHouse Data'!$O$5 -> 5184
A15: ='PowerHouse Data'!$O$1 -> 46277 | B15: 0.29166667 | C15: =D14 -> 2146 | D15: ='PowerHouse Data'!$P$2 -> 2146 | E15: =VLOOKUP(C15,$AB$3:$AC$2727,2,FALSE) -> 38829 | F15: ='PowerHouse Data'!$P$3 -> 0 | G15: =Table113456[[#This Row],[Main Tank Opening Stock (Liters)]]-Table113456[[#This Row],[Main Tank Closing Stock (Liters)]]+Table113456[[#This Row],[Received (Liters)]] -> 0 | H15: =VLOOKUP(D15,$AB$3:$AC$2727,2,FALSE) -> 38829 | I15: =Table113456[[#This Row],[Main Tank Closing Stock (Liters)]]+AD15 -> 43947 | J15: =Table113456[[#This Row],[DG Milling Run Hr Meter]]-K14 -> 0 | K15: ='PowerHouse Data'!$P$13 -> 5702.5 | L15: =Table113456[[#This Row],[DG Parboiling Run Hr Meter]]-M14 -> 0 | M15: ='PowerHouse Data'!$P$14 -> 12538.2 | N15: =Table113456[[#This Row],[DG Utility Run Hr Meter]]-O14 -> 1.3 | O15: ='PowerHouse Data'!$P$15 -> 30949.8 | P15: =Table113456[[#This Row],[DG Admin Run Hr Meter]]-Q14 -> 0 | Q15: ='PowerHouse Data'!$P$16 -> 3504.2 | R15: 5824 | S15: =Table113456[[#This Row],[DG Milling NEXT SERVICE ]]-Table113456[[#This Row],[DG Milling Run Hr Meter]] -> 121.5 | T15: 12643.5 | U15: =Table113456[[#This Row],[DG Parboil NEXT SERVICE]]-Table113456[[#This Row],[DG Parboiling Run Hr Meter]] -> 105.3 | V15: 31150 | W15: =Table113456[[#This Row],[DG Utility NEXT SERVICE]]-Table113456[[#This Row],[DG Utility Run Hr Meter]] -> 200.2 | X15: 3540 | Y15: =Table113456[[#This Row],[DG Admin NEXT SERVICE]]-Table113456[[#This Row],[DG Admin Run Hr Meter]] -> 35.8 | Z15: ='PowerHouse Data'!$P$4 -> 66 | AB15: 12 | AC15: 22 | AD15: ='PowerHouse Data'!$P$5 -> 5118
A16: ='PowerHouse Data'!$P$1 -> 46278 | B16: 0.29166667 | C16: =D15 -> 2146 | D16: ='PowerHouse Data'!$Q$2 -> 2146 | E16: =VLOOKUP(C16,$AB$3:$AC$2727,2,FALSE) -> 38829 | F16: ='PowerHouse Data'!$Q$3 -> 0 | G16: =Table113456[[#This Row],[Main Tank Opening Stock (Liters)]]-Table113456[[#This Row],[Main Tank Closing Stock (Liters)]]+Table113456[[#This Row],[Received (Liters)]] -> 0 | H16: =VLOOKUP(D16,$AB$3:$AC$2727,2,FALSE) -> 38829 | I16: =Table113456[[#This Row],[Main Tank Closing Stock (Liters)]]+AD16 -> 43947 | J16: =Table113456[[#This Row],[DG Milling Run Hr Meter]]-K15 -> 0 | K16: ='PowerHouse Data'!$Q$13 -> 5702.5 | L16: =Table113456[[#This Row],[DG Parboiling Run Hr Meter]]-M15 -> 0 | M16: ='PowerHouse Data'!$Q$14 -> 12538.2 | N16: =Table113456[[#This Row],[DG Utility Run Hr Meter]]-O15 -> 0 | O16: ='PowerHouse Data'!$Q$15 -> 30949.8 | P16: =Table113456[[#This Row],[DG Admin Run Hr Meter]]-Q15 -> 0 | Q16: ='PowerHouse Data'!$Q$16 -> 3504.2 | R16: 5824 | S16: =Table113456[[#This Row],[DG Milling NEXT SERVICE ]]-Table113456[[#This Row],[DG Milling Run Hr Meter]] -> 121.5 | T16: 12643.5 | U16: =Table113456[[#This Row],[DG Parboil NEXT SERVICE]]-Table113456[[#This Row],[DG Parboiling Run Hr Meter]] -> 105.3 | V16: 31150 | W16: =Table113456[[#This Row],[DG Utility NEXT SERVICE]]-Table113456[[#This Row],[DG Utility Run Hr Meter]] -> 200.2 | X16: 3540 | Y16: =Table113456[[#This Row],[DG Admin NEXT SERVICE]]-Table113456[[#This Row],[DG Admin Run Hr Meter]] -> 35.8 | Z16: ='PowerHouse Data'!$Q$4 -> 0 | AB16: 13 | AC16: 25 | AD16: ='PowerHouse Data'!$Q$5 -> 5118
A17: ='PowerHouse Data'!$Q$1 -> 46279 | B17: 0.29166667 | C17: =D16 -> 2146 | D17: ='PowerHouse Data'!$R$2 -> 2146 | E17: =VLOOKUP(C17,$AB$3:$AC$2727,2,FALSE) -> 38829 | F17: ='PowerHouse Data'!$R$3 -> 0 | G17: =Table113456[[#This Row],[Main Tank Opening Stock (Liters)]]-Table113456[[#This Row],[Main Tank Closing Stock (Liters)]]+Table113456[[#This Row],[Received (Liters)]] -> 0 | H17: =VLOOKUP(D17,$AB$3:$AC$2727,2,FALSE) -> 38829 | I17: =Table113456[[#This Row],[Main Tank Closing Stock (Liters)]]+AD17 -> 43937 | J17: =Table113456[[#This Row],[DG Milling Run Hr Meter]]-K16 -> 0 | K17: ='PowerHouse Data'!$R$13 -> 5702.5 | L17: =Table113456[[#This Row],[DG Parboiling Run Hr Meter]]-M16 -> 0 | M17: ='PowerHouse Data'!$R$14 -> 12538.2 | N17: =Table113456[[#This Row],[DG Utility Run Hr Meter]]-O16 -> 1.3 | O17: ='PowerHouse Data'!$R$15 -> 30951.1 | P17: =Table113456[[#This Row],[DG Admin Run Hr Meter]]-Q16 -> 0 | Q17: ='PowerHouse Data'!$R$16 -> 3504.2 | R17: 5824 | S17: =Table113456[[#This Row],[DG Milling NEXT SERVICE ]]-Table113456[[#This Row],[DG Milling Run Hr Meter]] -> 121.5 | T17: 12643.5 | U17: =Table113456[[#This Row],[DG Parboil NEXT SERVICE]]-Table113456[[#This Row],[DG Parboiling Run Hr Meter]] -> 105.3 | V17: 31150 | W17: =Table113456[[#This Row],[DG Utility NEXT SERVICE]]-Table113456[[#This Row],[DG Utility Run Hr Meter]] -> 198.9 | X17: 3540 | Y17: =Table113456[[#This Row],[DG Admin NEXT SERVICE]]-Table113456[[#This Row],[DG Admin Run Hr Meter]] -> 35.8 | Z17: ='PowerHouse Data'!$R$4 -> 10 | AB17: 14 | AC17: 28 | AD17: ='PowerHouse Data'!$R$5 -> 5108
A18: ='PowerHouse Data'!$R$1 -> 46280 | B18: 0.29166667 | C18: =D17 -> 2146 | D18: ='PowerHouse Data'!$S$2 -> 2126 | E18: =VLOOKUP(C18,$AB$3:$AC$2727,2,FALSE) -> 38829 | F18: ='PowerHouse Data'!$S$3 -> 0 | G18: =Table113456[[#This Row],[Main Tank Opening Stock (Liters)]]-Table113456[[#This Row],[Main Tank Closing Stock (Liters)]]+Table113456[[#This Row],[Received (Liters)]] -> 353.5 | H18: =VLOOKUP(D18,$AB$3:$AC$2727,2,FALSE) -> 38475.5 | I18: =Table113456[[#This Row],[Main Tank Closing Stock (Liters)]]+AD18 -> 43659.5 | J18: =Table113456[[#This Row],[DG Milling Run Hr Meter]]-K17 -> 0 | K18: ='PowerHouse Data'!$S$13 -> 5702.5 | L18: =Table113456[[#This Row],[DG Parboiling Run Hr Meter]]-M17 -> 0 | M18: ='PowerHouse Data'!$S$14 -> 12538.2 | N18: =Table113456[[#This Row],[DG Utility Run Hr Meter]]-O17 -> 5.9 | O18: ='PowerHouse Data'!$S$15 -> 30957 | P18: =Table113456[[#This Row],[DG Admin Run Hr Meter]]-Q17 -> 0 | Q18: ='PowerHouse Data'!$S$16 -> 3504.2 | R18: 5824 | S18: =Table113456[[#This Row],[DG Milling NEXT SERVICE ]]-Table113456[[#This Row],[DG Milling Run Hr Meter]] -> 121.5 | T18: 12643.5 | U18: =Table113456[[#This Row],[DG Parboil NEXT SERVICE]]-Table113456[[#This Row],[DG Parboiling Run Hr Meter]] -> 105.3 | V18: 31150 | W18: =Table113456[[#This Row],[DG Utility NEXT SERVICE]]-Table113456[[#This Row],[DG Utility Run Hr Meter]] -> 193 | X18: 3540 | Y18: =Table113456[[#This Row],[DG Admin NEXT SERVICE]]-Table113456[[#This Row],[DG Admin Run Hr Meter]] -> 35.8 | Z18: ='PowerHouse Data'!$S$4 -> 277 | AB18: 15 | AC18: 31 | AD18: ='PowerHouse Data'!$S$5 -> 5184
A19: ='PowerHouse Data'!$S$1 -> 46281 | B19: 0.29166667 | C19: =D18 -> 2126 | D19: ='PowerHouse Data'!$T$2 -> 0 | E19: =VLOOKUP(C19,$AB$3:$AC$2727,2,FALSE) -> 38475.5 | F19: ='PowerHouse Data'!$T$3 -> 0 | G19: =Table113456[[#This Row],[Main Tank Opening Stock (Liters)]]-Table113456[[#This Row],[Main Tank Closing Stock (Liters)]]+Table113456[[#This Row],[Received (Liters)]] -> 38475.5 | H19: =VLOOKUP(D19,$AB$3:$AC$2727,2,FALSE) -> 0 | I19: =Table113456[[#This Row],[Main Tank Closing Stock (Liters)]]+AD19 -> 0 | J19: =Table113456[[#This Row],[DG Milling Run Hr Meter]]-K18 -> -5702.5 | K19: ='PowerHouse Data'!$T$13 -> 0 | L19: =Table113456[[#This Row],[DG Parboiling Run Hr Meter]]-M18 -> -12538.2 | M19: ='PowerHouse Data'!$T$14 -> 0 | N19: =Table113456[[#This Row],[DG Utility Run Hr Meter]]-O18 -> -30957 | O19: ='PowerHouse Data'!$T$15 -> 0 | P19: =Table113456[[#This Row],[DG Admin Run Hr Meter]]-Q18 -> -3504.2 | Q19: ='PowerHouse Data'!$T$16 -> 0 | R19: 5824 | S19: =Table113456[[#This Row],[DG Milling NEXT SERVICE ]]-Table113456[[#This Row],[DG Milling Run Hr Meter]] -> 5824 | T19: 12643.5 | U19: =Table113456[[#This Row],[DG Parboil NEXT SERVICE]]-Table113456[[#This Row],[DG Parboiling Run Hr Meter]] -> 12643.5 | V19: 31150 | W19: =Table113456[[#This Row],[DG Utility NEXT SERVICE]]-Table113456[[#This Row],[DG Utility Run Hr Meter]] -> 31150 | X19: 3540 | Y19: =Table113456[[#This Row],[DG Admin NEXT SERVICE]]-Table113456[[#This Row],[DG Admin Run Hr Meter]] -> 3540 | Z19: ='PowerHouse Data'!$T$4 -> 0 | AB19: 16 | AC19: 34 | AD19: ='PowerHouse Data'!$T$5 -> 0
A20: ='PowerHouse Data'!$T$1 -> 46282 | B20: 0.29166667 | C20: =D19 -> 0 | D20: ='PowerHouse Data'!$U$2 -> 0 | E20: =VLOOKUP(C20,$AB$3:$AC$2727,2,FALSE) -> 0 | F20: ='PowerHouse Data'!$U$3 -> 0 | G20: =Table113456[[#This Row],[Main Tank Opening Stock (Liters)]]-Table113456[[#This Row],[Main Tank Closing Stock (Liters)]]+Table113456[[#This Row],[Received (Liters)]] -> 0 | H20: =VLOOKUP(D20,$AB$3:$AC$2727,2,FALSE) -> 0 | I20: =Table113456[[#This Row],[Main Tank Closing Stock (Liters)]]+AD20 -> 0 | J20: =Table113456[[#This Row],[DG Milling Run Hr Meter]]-K19 -> 0 | K20: ='PowerHouse Data'!$U$13 -> 0 | L20: =Table113456[[#This Row],[DG Parboiling Run Hr Meter]]-M19 -> 0 | M20: ='PowerHouse Data'!$U$14 -> 0 | N20: =Table113456[[#This Row],[DG Utility Run Hr Meter]]-O19 -> 0 | O20: ='PowerHouse Data'!$U$15 -> 0 | P20: =Table113456[[#This Row],[DG Admin Run Hr Meter]]-Q19 -> 0 | Q20: ='PowerHouse Data'!$U$16 -> 0 | R20: 5824 | S20: =Table113456[[#This Row],[DG Milling NEXT SERVICE ]]-Table113456[[#This Row],[DG Milling Run Hr Meter]] -> 5824 | T20: 12643.5 | U20: =Table113456[[#This Row],[DG Parboil NEXT SERVICE]]-Table113456[[#This Row],[DG Parboiling Run Hr Meter]] -> 12643.5 | V20: 31150 | W20: =Table113456[[#This Row],[DG Utility NEXT SERVICE]]-Table113456[[#This Row],[DG Utility Run Hr Meter]] -> 31150 | X20: 3540 | Y20: =Table113456[[#This Row],[DG Admin NEXT SERVICE]]-Table113456[[#This Row],[DG Admin Run Hr Meter]] -> 3540 | Z20: ='PowerHouse Data'!$U$4 -> 0 | AB20: 17 | AC20: 37.5 | AD20: ='PowerHouse Data'!$U$5 -> 0
A21: ='PowerHouse Data'!$U$1 -> 46283 | B21: 0.29166667 | C21: =D20 -> 0 | D21: ='PowerHouse Data'!$V$2 -> 0 | E21: =VLOOKUP(C21,$AB$3:$AC$2727,2,FALSE) -> 0 | F21: ='PowerHouse Data'!$V$3 -> 0 | G21: =Table113456[[#This Row],[Main Tank Opening Stock (Liters)]]-Table113456[[#This Row],[Main Tank Closing Stock (Liters)]]+Table113456[[#This Row],[Received (Liters)]] -> 0 | H21: =VLOOKUP(D21,$AB$3:$AC$2727,2,FALSE) -> 0 | I21: =Table113456[[#This Row],[Main Tank Closing Stock (Liters)]]+AD21 -> 0 | J21: =Table113456[[#This Row],[DG Milling Run Hr Meter]]-K20 -> 0 | K21: ='PowerHouse Data'!$V$13 -> 0 | L21: =Table113456[[#This Row],[DG Parboiling Run Hr Meter]]-M20 -> 0 | M21: ='PowerHouse Data'!$V$14 -> 0 | N21: =Table113456[[#This Row],[DG Utility Run Hr Meter]]-O20 -> 0 | O21: ='PowerHouse Data'!$V$15 -> 0 | P21: =Table113456[[#This Row],[DG Admin Run Hr Meter]]-Q20 -> 0 | Q21: ='PowerHouse Data'!$V$16 -> 0 | R21: 5824 | S21: =Table113456[[#This Row],[DG Milling NEXT SERVICE ]]-Table113456[[#This Row],[DG Milling Run Hr Meter]] -> 5824 | T21: 12643.5 | U21: =Table113456[[#This Row],[DG Parboil NEXT SERVICE]]-Table113456[[#This Row],[DG Parboiling Run Hr Meter]] -> 12643.5 | V21: 31150 | W21: =Table113456[[#This Row],[DG Utility NEXT SERVICE]]-Table113456[[#This Row],[DG Utility Run Hr Meter]] -> 31150 | X21: 3540 | Y21: =Table113456[[#This Row],[DG Admin NEXT SERVICE]]-Table113456[[#This Row],[DG Admin Run Hr Meter]] -> 3540 | Z21: ='PowerHouse Data'!$V$4 -> 0 | AB21: 18 | AC21: 41 | AD21: ='PowerHouse Data'!$V$5 -> 0
A22: ='PowerHouse Data'!$V$1 -> 46284 | B22: 0.29166667 | C22: =D21 -> 0 | D22: ='PowerHouse Data'!$W$2 -> 0 | E22: =VLOOKUP(C22,$AB$3:$AC$2727,2,FALSE) -> 0 | F22: ='PowerHouse Data'!$W$3 -> 0 | G22: =Table113456[[#This Row],[Main Tank Opening Stock (Liters)]]-Table113456[[#This Row],[Main Tank Closing Stock (Liters)]]+Table113456[[#This Row],[Received (Liters)]] -> 0 | H22: =VLOOKUP(D22,$AB$3:$AC$2727,2,FALSE) -> 0 | I22: =Table113456[[#This Row],[Main Tank Closing Stock (Liters)]]+AD22 -> 0 | J22: =Table113456[[#This Row],[DG Milling Run Hr Meter]]-K21 -> 0 | K22: ='PowerHouse Data'!$W$13 -> 0 | L22: =Table113456[[#This Row],[DG Parboiling Run Hr Meter]]-M21 -> 0 | M22: ='PowerHouse Data'!$W$14 -> 0 | N22: =Table113456[[#This Row],[DG Utility Run Hr Meter]]-O21 -> 0 | O22: ='PowerHouse Data'!$W$15 -> 0 | P22: =Table113456[[#This Row],[DG Admin Run Hr Meter]]-Q21 -> 0 | Q22: ='PowerHouse Data'!$W$16 -> 0 | R22: 5824 | S22: =Table113456[[#This Row],[DG Milling NEXT SERVICE ]]-Table113456[[#This Row],[DG Milling Run Hr Meter]] -> 5824 | T22: 12643.5 | U22: =Table113456[[#This Row],[DG Parboil NEXT SERVICE]]-Table113456[[#This Row],[DG Parboiling Run Hr Meter]] -> 12643.5 | V22: 31150 | W22: =Table113456[[#This Row],[DG Utility NEXT SERVICE]]-Table113456[[#This Row],[DG Utility Run Hr Meter]] -> 31150 | X22: 3540 | Y22: =Table113456[[#This Row],[DG Admin NEXT SERVICE]]-Table113456[[#This Row],[DG Admin Run Hr Meter]] -> 3540 | Z22: ='PowerHouse Data'!$W$4 -> 0 | AB22: 19 | AC22: 44.5 | AD22: ='PowerHouse Data'!$W$5 -> 0
A23: ='PowerHouse Data'!$W$1 -> 46285 | B23: 0.29166667 | C23: =D22 -> 0 | D23: ='PowerHouse Data'!$X$2 -> 0 | E23: =VLOOKUP(C23,$AB$3:$AC$2727,2,FALSE) -> 0 | F23: ='PowerHouse Data'!$X$3 -> 0 | G23: =Table113456[[#This Row],[Main Tank Opening Stock (Liters)]]-Table113456[[#This Row],[Main Tank Closing Stock (Liters)]]+Table113456[[#This Row],[Received (Liters)]] -> 0 | H23: =VLOOKUP(D23,$AB$3:$AC$2727,2,FALSE) -> 0 | I23: =Table113456[[#This Row],[Main Tank Closing Stock (Liters)]]+AD23 -> 0 | J23: =Table113456[[#This Row],[DG Milling Run Hr Meter]]-K22 -> 0 | K23: ='PowerHouse Data'!$X$13 -> 0 | L23: =Table113456[[#This Row],[DG Parboiling Run Hr Meter]]-M22 -> 0 | M23: ='PowerHouse Data'!$X$14 -> 0 | N23: =Table113456[[#This Row],[DG Utility Run Hr Meter]]-O22 -> 0 | O23: ='PowerHouse Data'!$X$15 -> 0 | P23: =Table113456[[#This Row],[DG Admin Run Hr Meter]]-Q22 -> 0 | Q23: ='PowerHouse Data'!$X$16 -> 0 | R23: 5824 | S23: =Table113456[[#This Row],[DG Milling NEXT SERVICE ]]-Table113456[[#This Row],[DG Milling Run Hr Meter]] -> 5824 | T23: 12643.5 | U23: =Table113456[[#This Row],[DG Parboil NEXT SERVICE]]-Table113456[[#This Row],[DG Parboiling Run Hr Meter]] -> 12643.5 | V23: 31150 | W23: =Table113456[[#This Row],[DG Utility NEXT SERVICE]]-Table113456[[#This Row],[DG Utility Run Hr Meter]] -> 31150 | X23: 3540 | Y23: =Table113456[[#This Row],[DG Admin NEXT SERVICE]]-Table113456[[#This Row],[DG Admin Run Hr Meter]] -> 3540 | Z23: ='PowerHouse Data'!$X$4 -> 0 | AB23: 20 | AC23: 48 | AD23: ='PowerHouse Data'!$X$5 -> 0
A24: ='PowerHouse Data'!$X$1 -> 46286 | B24: 0.29166667 | C24: =D23 -> 0 | D24: ='PowerHouse Data'!$Y$2 -> 0 | E24: =VLOOKUP(C24,$AB$3:$AC$2727,2,FALSE) -> 0 | F24: ='PowerHouse Data'!$Y$3 -> 0 | G24: =Table113456[[#This Row],[Main Tank Opening Stock (Liters)]]-Table113456[[#This Row],[Main Tank Closing Stock (Liters)]]+Table113456[[#This Row],[Received (Liters)]] -> 0 | H24: =VLOOKUP(D24,$AB$3:$AC$2727,2,FALSE) -> 0 | I24: =Table113456[[#This Row],[Main Tank Closing Stock (Liters)]]+AD24 -> 0 | J24: =Table113456[[#This Row],[DG Milling Run Hr Meter]]-K23 -> 0 | K24: ='PowerHouse Data'!$Y$13 -> 0 | L24: =Table113456[[#This Row],[DG Parboiling Run Hr Meter]]-M23 -> 0 | M24: ='PowerHouse Data'!$Y$14 -> 0 | N24: =Table113456[[#This Row],[DG Utility Run Hr Meter]]-O23 -> 0 | O24: ='PowerHouse Data'!$Y$15 -> 0 | P24: =Table113456[[#This Row],[DG Admin Run Hr Meter]]-Q23 -> 0 | Q24: ='PowerHouse Data'!$Y$16 -> 0 | R24: 5824 | S24: =Table113456[[#This Row],[DG Milling NEXT SERVICE ]]-Table113456[[#This Row],[DG Milling Run Hr Meter]] -> 5824 | T24: 12643.5 | U24: =Table113456[[#This Row],[DG Parboil NEXT SERVICE]]-Table113456[[#This Row],[DG Parboiling Run Hr Meter]] -> 12643.5 | V24: 31150 | W24: =Table113456[[#This Row],[DG Utility NEXT SERVICE]]-Table113456[[#This Row],[DG Utility Run Hr Meter]] -> 31150 | X24: 3540 | Y24: =Table113456[[#This Row],[DG Admin NEXT SERVICE]]-Table113456[[#This Row],[DG Admin Run Hr Meter]] -> 3540 | Z24: ='PowerHouse Data'!$Y$4 -> 0 | AB24: 21 | AC24: 51.75 | AD24: ='PowerHouse Data'!$Y$5 -> 0
A25: ='PowerHouse Data'!$Y$1 -> 46287 | B25: 0.29166667 | C25: =D24 -> 0 | D25: ='PowerHouse Data'!$Z$2 -> 0 | E25: =VLOOKUP(C25,$AB$3:$AC$2727,2,FALSE) -> 0 | F25: ='PowerHouse Data'!$Z$3 -> 0 | G25: =Table113456[[#This Row],[Main Tank Opening Stock (Liters)]]-Table113456[[#This Row],[Main Tank Closing Stock (Liters)]]+Table113456[[#This Row],[Received (Liters)]] -> 0 | H25: =VLOOKUP(D25,$AB$3:$AC$2727,2,FALSE) -> 0 | I25: =Table113456[[#This Row],[Main Tank Closing Stock (Liters)]]+AD25 -> 0 | J25: =Table113456[[#This Row],[DG Milling Run Hr Meter]]-K24 -> 0 | K25: ='PowerHouse Data'!$Z$13 -> 0 | L25: =Table113456[[#This Row],[DG Parboiling Run Hr Meter]]-M24 -> 0 | M25: ='PowerHouse Data'!$Z$14 -> 0 | N25: =Table113456[[#This Row],[DG Utility Run Hr Meter]]-O24 -> 0 | O25: ='PowerHouse Data'!$Z$15 -> 0 | P25: =Table113456[[#This Row],[DG Admin Run Hr Meter]]-Q24 -> 0 | Q25: ='PowerHouse Data'!$Z$16 -> 0 | R25: 5824 | S25: =Table113456[[#This Row],[DG Milling NEXT SERVICE ]]-Table113456[[#This Row],[DG Milling Run Hr Meter]] -> 5824 | T25: 12643.5 | U25: =Table113456[[#This Row],[DG Parboil NEXT SERVICE]]-Table113456[[#This Row],[DG Parboiling Run Hr Meter]] -> 12643.5 | V25: 31150 | W25: =Table113456[[#This Row],[DG Utility NEXT SERVICE]]-Table113456[[#This Row],[DG Utility Run Hr Meter]] -> 31150 | X25: 3540 | Y25: =Table113456[[#This Row],[DG Admin NEXT SERVICE]]-Table113456[[#This Row],[DG Admin Run Hr Meter]] -> 3540 | Z25: ='PowerHouse Data'!$Z$4 -> 0 | AB25: 22 | AC25: 55.5 | AD25: ='PowerHouse Data'!$Z$5 -> 0
A26: ='PowerHouse Data'!$Z$1 -> 46288 | B26: 0.29166667 | C26: =D25 -> 0 | D26: ='PowerHouse Data'!$AA$2 -> 0 | E26: =VLOOKUP(C26,$AB$3:$AC$2727,2,FALSE) -> 0 | F26: ='PowerHouse Data'!$AA$3 -> 0 | G26: =Table113456[[#This Row],[Main Tank Opening Stock (Liters)]]-Table113456[[#This Row],[Main Tank Closing Stock (Liters)]]+Table113456[[#This Row],[Received (Liters)]] -> 0 | H26: =VLOOKUP(D26,$AB$3:$AC$2727,2,FALSE) -> 0 | I26: =Table113456[[#This Row],[Main Tank Closing Stock (Liters)]]+AD26 -> 0 | J26: =Table113456[[#This Row],[DG Milling Run Hr Meter]]-K25 -> 0 | K26: ='PowerHouse Data'!$AA$13 -> 0 | L26: =Table113456[[#This Row],[DG Parboiling Run Hr Meter]]-M25 -> 0 | M26: ='PowerHouse Data'!$AA$14 -> 0 | N26: =Table113456[[#This Row],[DG Utility Run Hr Meter]]-O25 -> 0 | O26: ='PowerHouse Data'!$AA$15 -> 0 | P26: =Table113456[[#This Row],[DG Admin Run Hr Meter]]-Q25 -> 0 | Q26: ='PowerHouse Data'!$AA$16 -> 0 | R26: 5824 | S26: =Table113456[[#This Row],[DG Milling NEXT SERVICE ]]-Table113456[[#This Row],[DG Milling Run Hr Meter]] -> 5824 | T26: 12643.5 | U26: =Table113456[[#This Row],[DG Parboil NEXT SERVICE]]-Table113456[[#This Row],[DG Parboiling Run Hr Meter]] -> 12643.5 | V26: 31150 | W26: =Table113456[[#This Row],[DG Utility NEXT SERVICE]]-Table113456[[#This Row],[DG Utility Run Hr Meter]] -> 31150 | X26: 3540 | Y26: =Table113456[[#This Row],[DG Admin NEXT SERVICE]]-Table113456[[#This Row],[DG Admin Run Hr Meter]] -> 3540 | Z26: ='PowerHouse Data'!$AA$4 -> 0 | AB26: 23 | AC26: 59.25 | AD26: ='PowerHouse Data'!$AA$5 -> 0
A27: ='PowerHouse Data'!$AA$1 -> 46289 | B27: 0.29166667 | C27: =D26 -> 0 | D27: ='PowerHouse Data'!$AB$2 -> 0 | E27: =VLOOKUP(C27,$AB$3:$AC$2727,2,FALSE) -> 0 | F27: ='PowerHouse Data'!$AB$3 -> 0 | G27: =Table113456[[#This Row],[Main Tank Opening Stock (Liters)]]-Table113456[[#This Row],[Main Tank Closing Stock (Liters)]]+Table113456[[#This Row],[Received (Liters)]] -> 0 | H27: =VLOOKUP(D27,$AB$3:$AC$2727,2,FALSE) -> 0 | I27: =Table113456[[#This Row],[Main Tank Closing Stock (Liters)]]+AD27 -> 0 | J27: =Table113456[[#This Row],[DG Milling Run Hr Meter]]-K26 -> 0 | K27: ='PowerHouse Data'!$AB$13 -> 0 | L27: =Table113456[[#This Row],[DG Parboiling Run Hr Meter]]-M26 -> 0 | M27: ='PowerHouse Data'!$AB$14 -> 0 | N27: =Table113456[[#This Row],[DG Utility Run Hr Meter]]-O26 -> 0 | O27: ='PowerHouse Data'!$AB$15 -> 0 | P27: =Table113456[[#This Row],[DG Admin Run Hr Meter]]-Q26 -> 0 | Q27: ='PowerHouse Data'!$AB$16 -> 0 | R27: 5824 | S27: =Table113456[[#This Row],[DG Milling NEXT SERVICE ]]-Table113456[[#This Row],[DG Milling Run Hr Meter]] -> 5824 | T27: 12643.5 | U27: =Table113456[[#This Row],[DG Parboil NEXT SERVICE]]-Table113456[[#This Row],[DG Parboiling Run Hr Meter]] -> 12643.5 | V27: 31150 | W27: =Table113456[[#This Row],[DG Utility NEXT SERVICE]]-Table113456[[#This Row],[DG Utility Run Hr Meter]] -> 31150 | X27: 3540 | Y27: =Table113456[[#This Row],[DG Admin NEXT SERVICE]]-Table113456[[#This Row],[DG Admin Run Hr Meter]] -> 3540 | Z27: ='PowerHouse Data'!$AB$4 -> 0 | AB27: 24 | AC27: 63 | AD27: ='PowerHouse Data'!$AB$5 -> 0
A28: ='PowerHouse Data'!$AB$1 -> 46290 | B28: 0.29166667 | C28: =D27 -> 0 | D28: ='PowerHouse Data'!$AC$2 -> 0 | E28: =VLOOKUP(C28,$AB$3:$AC$2727,2,FALSE) -> 0 | F28: ='PowerHouse Data'!$AC$3 -> 0 | G28: =Table113456[[#This Row],[Main Tank Opening Stock (Liters)]]-Table113456[[#This Row],[Main Tank Closing Stock (Liters)]]+Table113456[[#This Row],[Received (Liters)]] -> 0 | H28: =VLOOKUP(D28,$AB$3:$AC$2727,2,FALSE) -> 0 | I28: =Table113456[[#This Row],[Main Tank Closing Stock (Liters)]]+AD28 -> 0 | J28: =Table113456[[#This Row],[DG Milling Run Hr Meter]]-K27 -> 0 | K28: ='PowerHouse Data'!$AC$13 -> 0 | L28: =Table113456[[#This Row],[DG Parboiling Run Hr Meter]]-M27 -> 0 | M28: ='PowerHouse Data'!$AC$14 -> 0 | N28: =Table113456[[#This Row],[DG Utility Run Hr Meter]]-O27 -> 0 | O28: ='PowerHouse Data'!$AC$15 -> 0 | P28: =Table113456[[#This Row],[DG Admin Run Hr Meter]]-Q27 -> 0 | Q28: ='PowerHouse Data'!$AC$16 -> 0 | R28: 5824 | S28: =Table113456[[#This Row],[DG Milling NEXT SERVICE ]]-Table113456[[#This Row],[DG Milling Run Hr Meter]] -> 5824 | T28: 12643.5 | U28: =Table113456[[#This Row],[DG Parboil NEXT SERVICE]]-Table113456[[#This Row],[DG Parboiling Run Hr Meter]] -> 12643.5 | V28: 31150 | W28: =Table113456[[#This Row],[DG Utility NEXT SERVICE]]-Table113456[[#This Row],[DG Utility Run Hr Meter]] -> 31150 | X28: 3540 | Y28: =Table113456[[#This Row],[DG Admin NEXT SERVICE]]-Table113456[[#This Row],[DG Admin Run Hr Meter]] -> 3540 | Z28: ='PowerHouse Data'!$AC$4 -> 0 | AB28: 25 | AC28: 67.25 | AD28: ='PowerHouse Data'!$AC$5 -> 0
A29: ='PowerHouse Data'!$AC$1 -> 46291 | B29: 0.29166667 | C29: =D28 -> 0 | D29: ='PowerHouse Data'!$AD$2 -> 0 | E29: =VLOOKUP(C29,$AB$3:$AC$2727,2,FALSE) -> 0 | F29: ='PowerHouse Data'!$AD$3 -> 0 | G29: =Table113456[[#This Row],[Main Tank Opening Stock (Liters)]]-Table113456[[#This Row],[Main Tank Closing Stock (Liters)]]+Table113456[[#This Row],[Received (Liters)]] -> 0 | H29: =VLOOKUP(D29,$AB$3:$AC$2727,2,FALSE) -> 0 | I29: =Table113456[[#This Row],[Main Tank Closing Stock (Liters)]]+AD29 -> 0 | J29: =Table113456[[#This Row],[DG Milling Run Hr Meter]]-K28 -> 0 | K29: ='PowerHouse Data'!$AD$13 -> 0 | L29: =Table113456[[#This Row],[DG Parboiling Run Hr Meter]]-M28 -> 0 | M29: ='PowerHouse Data'!$AD$14 -> 0 | N29: =Table113456[[#This Row],[DG Utility Run Hr Meter]]-O28 -> 0 | O29: ='PowerHouse Data'!$AD$15 -> 0 | P29: =Table113456[[#This Row],[DG Admin Run Hr Meter]]-Q28 -> 0 | Q29: ='PowerHouse Data'!$AD$16 -> 0 | R29: 5824 | S29: =Table113456[[#This Row],[DG Milling NEXT SERVICE ]]-Table113456[[#This Row],[DG Milling Run Hr Meter]] -> 5824 | T29: 12643.5 | U29: =Table113456[[#This Row],[DG Parboil NEXT SERVICE]]-Table113456[[#This Row],[DG Parboiling Run Hr Meter]] -> 12643.5 | V29: 31150 | W29: =Table113456[[#This Row],[DG Utility NEXT SERVICE]]-Table113456[[#This Row],[DG Utility Run Hr Meter]] -> 31150 | X29: 3540 | Y29: =Table113456[[#This Row],[DG Admin NEXT SERVICE]]-Table113456[[#This Row],[DG Admin Run Hr Meter]] -> 3540 | Z29: ='PowerHouse Data'!$AD$4 -> 0 | AB29: 26 | AC29: 71.5 | AD29: ='PowerHouse Data'!$AD$5 -> 0
A30: ='PowerHouse Data'!$AD$1 -> 46292 | B30: 0.29166667 | C30: =D29 -> 0 | D30: ='PowerHouse Data'!$AE$2 -> 0 | E30: =VLOOKUP(C30,$AB$3:$AC$2727,2,FALSE) -> 0 | F30: ='PowerHouse Data'!$AE$3 -> 0 | G30: =Table113456[[#This Row],[Main Tank Opening Stock (Liters)]]-Table113456[[#This Row],[Main Tank Closing Stock (Liters)]]+Table113456[[#This Row],[Received (Liters)]] -> 0 | H30: =VLOOKUP(D30,$AB$3:$AC$2727,2,FALSE) -> 0 | I30: =Table113456[[#This Row],[Main Tank Closing Stock (Liters)]]+AD30 -> 0 | J30: =Table113456[[#This Row],[DG Milling Run Hr Meter]]-K29 -> 0 | K30: ='PowerHouse Data'!$AE$13 -> 0 | L30: =Table113456[[#This Row],[DG Parboiling Run Hr Meter]]-M29 -> 0 | M30: ='PowerHouse Data'!$AE$14 -> 0 | N30: =Table113456[[#This Row],[DG Utility Run Hr Meter]]-O29 -> 0 | O30: ='PowerHouse Data'!$AE$15 -> 0 | P30: =Table113456[[#This Row],[DG Admin Run Hr Meter]]-Q29 -> 0 | Q30: ='PowerHouse Data'!$AE$16 -> 0 | R30: 5824 | S30: =Table113456[[#This Row],[DG Milling NEXT SERVICE ]]-Table113456[[#This Row],[DG Milling Run Hr Meter]] -> 5824 | T30: 12643.5 | U30: =Table113456[[#This Row],[DG Parboil NEXT SERVICE]]-Table113456[[#This Row],[DG Parboiling Run Hr Meter]] -> 12643.5 | V30: 31150 | W30: =Table113456[[#This Row],[DG Utility NEXT SERVICE]]-Table113456[[#This Row],[DG Utility Run Hr Meter]] -> 31150 | X30: 3540 | Y30: =Table113456[[#This Row],[DG Admin NEXT SERVICE]]-Table113456[[#This Row],[DG Admin Run Hr Meter]] -> 3540 | Z30: ='PowerHouse Data'!$AE$4 -> 0 | AB30: 27 | AC30: 75.75 | AD30: ='PowerHouse Data'!$AE$5 -> 0
A31: ='PowerHouse Data'!$AE$1 -> 46293 | B31: 0.29166667 | C31: =D30 -> 0 | D31: ='PowerHouse Data'!$AF$2 -> 0 | E31: =VLOOKUP(C31,$AB$3:$AC$2727,2,FALSE) -> 0 | F31: ='PowerHouse Data'!$AF$3 -> 0 | G31: =Table113456[[#This Row],[Main Tank Opening Stock (Liters)]]-Table113456[[#This Row],[Main Tank Closing Stock (Liters)]]+Table113456[[#This Row],[Received (Liters)]] -> 0 | H31: =VLOOKUP(D31,$AB$3:$AC$2727,2,FALSE) -> 0 | I31: =Table113456[[#This Row],[Main Tank Closing Stock (Liters)]]+AD31 -> 0 | J31: =Table113456[[#This Row],[DG Milling Run Hr Meter]]-K30 -> 0 | K31: ='PowerHouse Data'!$AF$13 -> 0 | L31: =Table113456[[#This Row],[DG Parboiling Run Hr Meter]]-M30 -> 0 | M31: ='PowerHouse Data'!$AF$14 -> 0 | N31: =Table113456[[#This Row],[DG Utility Run Hr Meter]]-O30 -> 0 | O31: ='PowerHouse Data'!$AF$15 -> 0 | P31: =Table113456[[#This Row],[DG Admin Run Hr Meter]]-Q30 -> 0 | Q31: ='PowerHouse Data'!$AF$16 -> 0 | R31: 5824 | S31: =Table113456[[#This Row],[DG Milling NEXT SERVICE ]]-Table113456[[#This Row],[DG Milling Run Hr Meter]] -> 5824 | T31: 12643.5 | U31: =Table113456[[#This Row],[DG Parboil NEXT SERVICE]]-Table113456[[#This Row],[DG Parboiling Run Hr Meter]] -> 12643.5 | V31: 31150 | W31: =Table113456[[#This Row],[DG Utility NEXT SERVICE]]-Table113456[[#This Row],[DG Utility Run Hr Meter]] -> 31150 | X31: 3540 | Y31: =Table113456[[#This Row],[DG Admin NEXT SERVICE]]-Table113456[[#This Row],[DG Admin Run Hr Meter]] -> 3540 | Z31: ='PowerHouse Data'!$AF$4 -> 0 | AB31: 28 | AC31: 80 | AD31: ='PowerHouse Data'!$AF$5 -> 0
A32: ='PowerHouse Data'!$AF$1 -> 46294 | B32: 0.29166667 | C32: =D31 -> 0 | D32: ='PowerHouse Data'!$AG$2 -> 0 | E32: =VLOOKUP(C32,$AB$3:$AC$2727,2,FALSE) -> 0 | F32: ='PowerHouse Data'!$AG$3 -> 0 | G32: =Table113456[[#This Row],[Main Tank Opening Stock (Liters)]]-Table113456[[#This Row],[Main Tank Closing Stock (Liters)]]+Table113456[[#This Row],[Received (Liters)]] -> 0 | H32: =VLOOKUP(D32,$AB$3:$AC$2727,2,FALSE) -> 0 | I32: =Table113456[[#This Row],[Main Tank Closing Stock (Liters)]]+AD32 -> 0 | J32: =Table113456[[#This Row],[DG Milling Run Hr Meter]]-K31 -> 0 | K32: ='PowerHouse Data'!$AG$13 -> 0 | L32: =Table113456[[#This Row],[DG Parboiling Run Hr Meter]]-M31 -> 0 | M32: ='PowerHouse Data'!$AG$14 -> 0 | N32: =Table113456[[#This Row],[DG Utility Run Hr Meter]]-O31 -> 0 | O32: ='PowerHouse Data'!$AG$15 -> 0 | P32: =Table113456[[#This Row],[DG Admin Run Hr Meter]]-Q31 -> 0 | Q32: ='PowerHouse Data'!$AG$16 -> 0 | R32: 5824 | S32: =Table113456[[#This Row],[DG Milling NEXT SERVICE ]]-Table113456[[#This Row],[DG Milling Run Hr Meter]] -> 5824 | T32: 12643.5 | U32: =Table113456[[#This Row],[DG Parboil NEXT SERVICE]]-Table113456[[#This Row],[DG Parboiling Run Hr Meter]] -> 12643.5 | V32: 31150 | W32: =Table113456[[#This Row],[DG Utility NEXT SERVICE]]-Table113456[[#This Row],[DG Utility Run Hr Meter]] -> 31150 | X32: 3540 | Y32: =Table113456[[#This Row],[DG Admin NEXT SERVICE]]-Table113456[[#This Row],[DG Admin Run Hr Meter]] -> 3540 | Z32: ='PowerHouse Data'!$AG$4 -> 0 | AB32: 29 | AC32: 84.5 | AD32: ='PowerHouse Data'!$AG$5 -> 0
A33: ='PowerHouse Data'!$AG$1 -> 46295 | C33: =D32 -> 0 | D33: ='PowerHouse Data'!$AH$2 -> 0 | E33: =VLOOKUP(C33,$AB$3:$AC$2727,2,FALSE) -> 0 | F33: ='PowerHouse Data'!$AH$3 -> 0 | G33: =Table113456[[#This Row],[Main Tank Opening Stock (Liters)]]-Table113456[[#This Row],[Main Tank Closing Stock (Liters)]]+Table113456[[#This Row],[Received (Liters)]] -> 0 | H33: =VLOOKUP(D33,$AB$3:$AC$2727,2,FALSE) -> 0 | I33: =Table113456[[#This Row],[Main Tank Closing Stock (Liters)]]+AD33 -> 0 | J33: =Table113456[[#This Row],[DG Milling Run Hr Meter]]-K32 -> 0 | K33: ='PowerHouse Data'!$AH$13 -> 0 | L33: =Table113456[[#This Row],[DG Parboiling Run Hr Meter]]-M32 -> 0 | M33: ='PowerHouse Data'!$AH$14 -> 0 | N33: =Table113456[[#This Row],[DG Utility Run Hr Meter]]-O32 -> 0 | O33: ='PowerHouse Data'!$AH$15 -> 0 | P33: =Table113456[[#This Row],[DG Admin Run Hr Meter]]-Q32 -> 0 | Q33: ='PowerHouse Data'!$AH$16 -> 0 | R33: 5824 | S33: =Table113456[[#This Row],[DG Milling NEXT SERVICE ]]-Table113456[[#This Row],[DG Milling Run Hr Meter]] -> 5824 | T33: 12643.5 | U33: =Table113456[[#This Row],[DG Parboil NEXT SERVICE]]-Table113456[[#This Row],[DG Parboiling Run Hr Meter]] -> 12643.5 | V33: 31150 | W33: =Table113456[[#This Row],[DG Utility NEXT SERVICE]]-Table113456[[#This Row],[DG Utility Run Hr Meter]] -> 31150 | X33: 3540 | Y33: =Table113456[[#This Row],[DG Admin NEXT SERVICE]]-Table113456[[#This Row],[DG Admin Run Hr Meter]] -> 3540 | Z33: ='PowerHouse Data'!$AH$4 -> 0 | AB33: 30 | AC33: 89 | AD33: ='PowerHouse Data'!$AH$5 -> 0
A34: ='PowerHouse Data'!$AH$1 -> 46296 | C34: =D33 -> 0 | D34: ='PowerHouse Data'!$AI$2 -> 0 | E34: =VLOOKUP(C34,$AB$3:$AC$2727,2,FALSE) -> 0 | F34: ='PowerHouse Data'!$AI$3 -> 0 | G34: =Table113456[[#This Row],[Main Tank Opening Stock (Liters)]]-Table113456[[#This Row],[Main Tank Closing Stock (Liters)]]+Table113456[[#This Row],[Received (Liters)]] -> 0 | H34: =VLOOKUP(D34,$AB$3:$AC$2727,2,FALSE) -> 0 | I34: =Table113456[[#This Row],[Main Tank Closing Stock (Liters)]]+AD34 -> 0 | J34: =Table113456[[#This Row],[DG Milling Run Hr Meter]]-K33 -> 0 | K34: ='PowerHouse Data'!$AI$13 -> 0 | L34: =Table113456[[#This Row],[DG Parboiling Run Hr Meter]]-M33 -> 0 | M34: ='PowerHouse Data'!$AI$14 -> 0 | N34: =Table113456[[#This Row],[DG Utility Run Hr Meter]]-O33 -> 0 | O34: ='PowerHouse Data'!$AI$15 -> 0 | P34: =Table113456[[#This Row],[DG Admin Run Hr Meter]]-Q33 -> 0 | Q34: ='PowerHouse Data'!$AI$16 -> 0 | R34: 5824 | S34: =Table113456[[#This Row],[DG Milling NEXT SERVICE ]]-Table113456[[#This Row],[DG Milling Run Hr Meter]] -> 5824 | T34: 12643.5 | U34: =Table113456[[#This Row],[DG Parboil NEXT SERVICE]]-Table113456[[#This Row],[DG Parboiling Run Hr Meter]] -> 12643.5 | V34: 31150 | W34: =Table113456[[#This Row],[DG Utility NEXT SERVICE]]-Table113456[[#This Row],[DG Utility Run Hr Meter]] -> 31150 | X34: 3540 | Y34: =Table113456[[#This Row],[DG Admin NEXT SERVICE]]-Table113456[[#This Row],[DG Admin Run Hr Meter]] -> 3540 | Z34: ='PowerHouse Data'!$AI$4 -> 0 | AB34: 31 | AC34: 93.5 | AD34: ='PowerHouse Data'!$AI$5 -> 0
A35: ='PowerHouse Data'!$AI$1 -> 0 | C35: =D34 -> 0 | D35: ='PowerHouse Data'!$AJ$2 -> 0 | E35: =VLOOKUP(C35,$AB$3:$AC$2727,2,FALSE) -> 0 | F35: ='PowerHouse Data'!$AJ$3 -> 0 | G35: =Table113456[[#This Row],[Main Tank Opening Stock (Liters)]]-Table113456[[#This Row],[Main Tank Closing Stock (Liters)]]+Table113456[[#This Row],[Received (Liters)]] -> 0 | H35: =VLOOKUP(D35,$AB$2:$AC$682,2,FALSE) -> 0 | I35: =Table113456[[#This Row],[Main Tank Closing Stock (Liters)]]+AD35 -> 0 | J35: =Table113456[[#This Row],[DG Milling Run Hr Meter]]-K34 -> 0 | K35: ='PowerHouse Data'!$AJ$13 -> 0 | L35: =Table113456[[#This Row],[DG Parboiling Run Hr Meter]]-M34 -> 0 | M35: ='PowerHouse Data'!$AJ$14 -> 0 | N35: =Table113456[[#This Row],[DG Utility Run Hr Meter]]-O34 -> 0 | O35: ='PowerHouse Data'!$AJ$15 -> 0 | P35: =Table113456[[#This Row],[DG Admin Run Hr Meter]]-Q34 -> 0 | Q35: ='PowerHouse Data'!$AJ$16 -> 0 | R35: 5824 | S35: =Table113456[[#This Row],[DG Milling NEXT SERVICE ]]-Table113456[[#This Row],[DG Milling Run Hr Meter]] -> 5824 | T35: 12643.5 | U35: =Table113456[[#This Row],[DG Parboil NEXT SERVICE]]-Table113456[[#This Row],[DG Parboiling Run Hr Meter]] -> 12643.5 | V35: 31150 | W35: =Table113456[[#This Row],[DG Utility NEXT SERVICE]]-Table113456[[#This Row],[DG Utility Run Hr Meter]] -> 31150 | X35: 3540 | Y35: =Table113456[[#This Row],[DG Admin NEXT SERVICE]]-Table113456[[#This Row],[DG Admin Run Hr Meter]] -> 3540 | Z35: ='PowerHouse Data'!$AJ$4 -> 0 | AB35: 32 | AC35: 98 | AD35: ='PowerHouse Data'!$AJ$5 -> 0
A36: Summary | B36: Total received | C36: =SUM(Table113456[Received (Liters)]) -> 0 | AB36: 33 | AC36: 102.5
B37: Total Cons | C37: =SUM(Table113456[Main Tank Consumption (Liters)]) -> 40593.5 | AB37: 34 | AC37: 107
C38: NOTE: Receive desiel Befor Receive dip Reading Calculation wise After Receive dip Reading differance getting extra | AB38: 35 | AC38: 111.5
AB39: 36 | AC39: 116
AB40: 37 | AC40: 121
AB41: 38 | AC41: 126
AB42: 39 | AC42: 131
AB43: 40 | AC43: 136
AB44: 41 | AC44: 141.25
AB45: 42 | AC45: 146.5
AB46: 43 | AC46: 151.75
AB47: 44 | AC47: 157
AB48: 45 | AC48: 162.5
AB49: 46 | AC49: 168
AB50: 47 | AC50: 173.5
... AB2727: 2724 | AC2727: 45985

Sheet EB
A1: Date | B1: TIME | C1: NEPA FINAL | D1: NEPA Consumption (KWH) | E1: MILLING + UTILITY / PARBOILING | F1: MILLING | G1: UTILITY / PARBOILING | H1: MILLING CONSUMPTION | I1: UTILITY / PARBOILING CONSUMPTION | J1: DIFFERENCE | K1: NEPA Availablity
A2: 46233 | C2: 24323210 | D2: 790 | E2: 904 | F2: 3492166 | G2: 482528 | H2: 0 | I2: 904 | J2: 114 | K2: ='PowerHouse Data'!E14 -> 12538.2
A3: ='PowerHouse Data'!$C$1 -> 46265 | B3: 7:00AM | C3: ='PowerHouse Data'!$D$6 -> 24324380 | D3: =Table1135[[#This Row],[NEPA FINAL]]-C2 -> 1170 | E3: =(Table1135[[#This Row],[MILLING]]-F2)+(Table1135[[#This Row],[UTILITY / PARBOILING]]-G2) -> 1376 | F3: ='PowerHouse Data'!$D$7 -> 3492168 | G3: ='PowerHouse Data'!$D$8 -> 483902 | H3: =Table1135[[#This Row],[MILLING]]-F2 -> 2 | I3: =Table1135[[#This Row],[UTILITY / PARBOILING]]-G2 -> 1374 | J3: =Table1135[[#This Row],[MILLING + UTILITY / PARBOILING]]-Table1135[[#This Row],[NEPA Consumption (KWH)]] -> 206 | K3: ='PowerHouse Data'!E15 -> 30944.7
A4: ='PowerHouse Data'!$D$1 -> 46266 | B4: 7:00AM | C4: ='PowerHouse Data'!$E$6 -> 24325660 | D4: =Table1135[[#This Row],[NEPA FINAL]]-C3 -> 1280 | E4: =(Table1135[[#This Row],[MILLING]]-F3)+(Table1135[[#This Row],[UTILITY / PARBOILING]]-G3) -> 1479 | F4: ='PowerHouse Data'!$E$7 -> 3492168 | G4: ='PowerHouse Data'!$E$8 -> 485381 | H4: =Table1135[[#This Row],[MILLING]]-F3 -> 0 | I4: =Table1135[[#This Row],[UTILITY / PARBOILING]]-G3 -> 1479 | J4: =Table1135[[#This Row],[MILLING + UTILITY / PARBOILING]]-Table1135[[#This Row],[NEPA Consumption (KWH)]] -> 199 | K4: ='PowerHouse Data'!E17 -> 23.3
A5: ='PowerHouse Data'!$E$1 -> 46267 | B5: 7:00AM | C5: ='PowerHouse Data'!$F$6 -> 24326800 | D5: =Table1135[[#This Row],[NEPA FINAL]]-C4 -> 1140 | E5: =(Table1135[[#This Row],[MILLING]]-F4)+(Table1135[[#This Row],[UTILITY / PARBOILING]]-G4) -> 1347 | F5: ='PowerHouse Data'!$F$7 -> 3492168 | G5: ='PowerHouse Data'!$F$8 -> 486728 | H5: =Table1135[[#This Row],[MILLING]]-F4 -> 0 | I5: =Table1135[[#This Row],[UTILITY / PARBOILING]]-G4 -> 1347 | J5: =Table1135[[#This Row],[MILLING + UTILITY / PARBOILING]]-Table1135[[#This Row],[NEPA Consumption (KWH)]] -> 207 | K5: ='PowerHouse Data'!F17 -> 22.7
A6: ='PowerHouse Data'!$F$1 -> 46268 | B6: 7:00AM | C6: ='PowerHouse Data'!$G$6 -> 24328160 | D6: =Table1135[[#This Row],[NEPA FINAL]]-C5 -> 1360 | E6: =(Table1135[[#This Row],[MILLING]]-F5)+(Table1135[[#This Row],[UTILITY / PARBOILING]]-G5) -> 1551 | F6: ='PowerHouse Data'!$G$7 -> 3492168 | G6: ='PowerHouse Data'!$G$8 -> 488279 | H6: =Table1135[[#This Row],[MILLING]]-F5 -> 0 | I6: =Table1135[[#This Row],[UTILITY / PARBOILING]]-G5 -> 1551 | J6: =Table1135[[#This Row],[MILLING + UTILITY / PARBOILING]]-Table1135[[#This Row],[NEPA Consumption (KWH)]] -> 191 | K6: ='PowerHouse Data'!G17 -> 24
A7: ='PowerHouse Data'!$G$1 -> 46269 | B7: 7:00AM | C7: ='PowerHouse Data'!$H$6 -> 24329420 | D7: =Table1135[[#This Row],[NEPA FINAL]]-C6 -> 1260 | E7: =(Table1135[[#This Row],[MILLING]]-F6)+(Table1135[[#This Row],[UTILITY / PARBOILING]]-G6) -> 1438 | F7: ='PowerHouse Data'!$H$7 -> 3492168 | G7: ='PowerHouse Data'!$H$8 -> 489717 | H7: =Table1135[[#This Row],[MILLING]]-F6 -> 0 | I7: =Table1135[[#This Row],[UTILITY / PARBOILING]]-G6 -> 1438 | J7: =Table1135[[#This Row],[MILLING + UTILITY / PARBOILING]]-Table1135[[#This Row],[NEPA Consumption (KWH)]] -> 178 | K7: ='PowerHouse Data'!H17 -> 24
A8: ='PowerHouse Data'!$H$1 -> 46270 | B8: 7:00AM | C8: ='PowerHouse Data'!$I$6 -> 24330310 | D8: =Table1135[[#This Row],[NEPA FINAL]]-C7 -> 890 | E8: =(Table1135[[#This Row],[MILLING]]-F7)+(Table1135[[#This Row],[UTILITY / PARBOILING]]-G7) -> 1031 | F8: ='PowerHouse Data'!$I$7 -> 3492168 | G8: ='PowerHouse Data'!$I$8 -> 490748 | H8: =Table1135[[#This Row],[MILLING]]-F7 -> 0 | I8: =Table1135[[#This Row],[UTILITY / PARBOILING]]-G7 -> 1031 | J8: =Table1135[[#This Row],[MILLING + UTILITY / PARBOILING]]-Table1135[[#This Row],[NEPA Consumption (KWH)]] -> 141 | K8: ='PowerHouse Data'!I17 -> 18.3
A9: ='PowerHouse Data'!$I$1 -> 46271 | B9: 7:00AM | C9: ='PowerHouse Data'!$J$6 -> 24331300 | D9: =Table1135[[#This Row],[NEPA FINAL]]-C8 -> 990 | E9: =(Table1135[[#This Row],[MILLING]]-F8)+(Table1135[[#This Row],[UTILITY / PARBOILING]]-G8) -> 1080 | F9: ='PowerHouse Data'!$J$7 -> 3492168 | G9: ='PowerHouse Data'!$J$8 -> 491828 | H9: =Table1135[[#This Row],[MILLING]]-F8 -> 0 | I9: =Table1135[[#This Row],[UTILITY / PARBOILING]]-G8 -> 1080 | J9: =Table1135[[#This Row],[MILLING + UTILITY / PARBOILING]]-Table1135[[#This Row],[NEPA Consumption (KWH)]] -> 90 | K9: ='PowerHouse Data'!J17 -> 24
A10: ='PowerHouse Data'!$J$1 -> 46272 | B10: 7:00AM | C10: ='PowerHouse Data'!$K$6 -> 24332540 | D10: =Table1135[[#This Row],[NEPA FINAL]]-C9 -> 1240 | E10: =(Table1135[[#This Row],[MILLING]]-F9)+(Table1135[[#This Row],[UTILITY / PARBOILING]]-G9) -> 1496 | F10: ='PowerHouse Data'!$K$7 -> 3492168 | G10: ='PowerHouse Data'!$K$8 -> 493324 | H10: =Table1135[[#This Row],[MILLING]]-F9 -> 0 | I10: =Table1135[[#This Row],[UTILITY / PARBOILING]]-G9 -> 1496 | J10: =Table1135[[#This Row],[MILLING + UTILITY / PARBOILING]]-Table1135[[#This Row],[NEPA Consumption (KWH)]] -> 256 | K10: ='PowerHouse Data'!K17 -> 24
A11: ='PowerHouse Data'!$K$1 -> 46273 | B11: 7:00AM | C11: ='PowerHouse Data'!$L$6 -> 24333580 | D11: =Table1135[[#This Row],[NEPA FINAL]]-C10 -> 1040 | E11: =(Table1135[[#This Row],[MILLING]]-F10)+(Table1135[[#This Row],[UTILITY / PARBOILING]]-G10) -> 1226 | F11: ='PowerHouse Data'!$L$7 -> 3492168 | G11: ='PowerHouse Data'!$L$8 -> 494550 | H11: =Table1135[[#This Row],[MILLING]]-F10 -> 0 | I11: =Table1135[[#This Row],[UTILITY / PARBOILING]]-G10 -> 1226 | J11: =Table1135[[#This Row],[MILLING + UTILITY / PARBOILING]]-Table1135[[#This Row],[NEPA Consumption (KWH)]] -> 186 | K11: ='PowerHouse Data'!L17 -> 18.3
A12: ='PowerHouse Data'!$L$1 -> 46274 | B12: 7:00AM | C12: ='PowerHouse Data'!$M$6 -> 24334800 | D12: =Table1135[[#This Row],[NEPA FINAL]]-C11 -> 1220 | E12: =(Table1135[[#This Row],[MILLING]]-F11)+(Table1135[[#This Row],[UTILITY / PARBOILING]]-G11) -> 1396 | F12: ='PowerHouse Data'!$M$7 -> 3492168 | G12: ='PowerHouse Data'!$M$8 -> 495946 | H12: =Table1135[[#This Row],[MILLING]]-F11 -> 0 | I12: =Table1135[[#This Row],[UTILITY / PARBOILING]]-G11 -> 1396 | J12: =Table1135[[#This Row],[MILLING + UTILITY / PARBOILING]]-Table1135[[#This Row],[NEPA Consumption (KWH)]] -> 176 | K12: ='PowerHouse Data'!M17 -> 22.4
A13: ='PowerHouse Data'!$M$1 -> 46275 | B13: 7:00AM | C13: ='PowerHouse Data'!$N$6 -> 24335820 | D13: =Table1135[[#This Row],[NEPA FINAL]]-C12 -> 1020 | E13: =(Table1135[[#This Row],[MILLING]]-F12)+(Table1135[[#This Row],[UTILITY / PARBOILING]]-G12) -> 1160 | F13: ='PowerHouse Data'!$N$7 -> 3492168 | G13: ='PowerHouse Data'!$N$8 -> 497106 | H13: =Table1135[[#This Row],[MILLING]]-F12 -> 0 | I13: =Table1135[[#This Row],[UTILITY / PARBOILING]]-G12 -> 1160 | J13: =Table1135[[#This Row],[MILLING + UTILITY / PARBOILING]]-Table1135[[#This Row],[NEPA Consumption (KWH)]] -> 140 | K13: ='PowerHouse Data'!N17 -> 20.3
A14: ='PowerHouse Data'!$N$1 -> 46276 | B14: 7:00AM | C14: ='PowerHouse Data'!$O$6 -> 24336970 | D14: =Table1135[[#This Row],[NEPA FINAL]]-C13 -> 1150 | E14: =(Table1135[[#This Row],[MILLING]]-F13)+(Table1135[[#This Row],[UTILITY / PARBOILING]]-G13) -> 1394 | F14: ='PowerHouse Data'!$O$7 -> 3492168 | G14: ='PowerHouse Data'!$O$8 -> 498500 | H14: =Table1135[[#This Row],[MILLING]]-F13 -> 0 | I14: =Table1135[[#This Row],[UTILITY / PARBOILING]]-G13 -> 1394 | J14: =Table1135[[#This Row],[MILLING + UTILITY / PARBOILING]]-Table1135[[#This Row],[NEPA Consumption (KWH)]] -> 244 | K14: ='PowerHouse Data'!O17 -> 21.7
A15: ='PowerHouse Data'!$O$1 -> 46277 | B15: 7:00AM | C15: ='PowerHouse Data'!$P$6 -> 24338040 | D15: =Table1135[[#This Row],[NEPA FINAL]]-C14 -> 1070 | E15: =(Table1135[[#This Row],[MILLING]]-F14)+(Table1135[[#This Row],[UTILITY / PARBOILING]]-G14) -> 1243 | F15: ='PowerHouse Data'!$P$7 -> 3492168 | G15: ='PowerHouse Data'!$P$8 -> 499743 | H15: =Table1135[[#This Row],[MILLING]]-F14 -> 0 | I15: =Table1135[[#This Row],[UTILITY / PARBOILING]]-G14 -> 1243 | J15: =Table1135[[#This Row],[MILLING + UTILITY / PARBOILING]]-Table1135[[#This Row],[NEPA Consumption (KWH)]] -> 173 | K15: ='PowerHouse Data'!P17 -> 22.7
A16: ='PowerHouse Data'!$P$1 -> 46278 | B16: 7:00AM | C16: ='PowerHouse Data'!$Q$6 -> 24339030 | D16: =Table1135[[#This Row],[NEPA FINAL]]-C15 -> 990 | E16: =(Table1135[[#This Row],[MILLING]]-F15)+(Table1135[[#This Row],[UTILITY / PARBOILING]]-G15) -> 1196 | F16: ='PowerHouse Data'!$Q$7 -> 3492168 | G16: ='PowerHouse Data'!$Q$8 -> 500939 | H16: =Table1135[[#This Row],[MILLING]]-F15 -> 0 | I16: =Table1135[[#This Row],[UTILITY / PARBOILING]]-G15 -> 1196 | J16: =Table1135[[#This Row],[MILLING + UTILITY / PARBOILING]]-Table1135[[#This Row],[NEPA Consumption (KWH)]] -> 206 | K16: ='PowerHouse Data'!Q17 -> 24
A17: ='PowerHouse Data'!$Q$1 -> 46279 | B17: 7:00AM | C17: ='PowerHouse Data'!$R$6 -> 24340100 | D17: =Table1135[[#This Row],[NEPA FINAL]]-C16 -> 1070 | E17: =(Table1135[[#This Row],[MILLING]]-F16)+(Table1135[[#This Row],[UTILITY / PARBOILING]]-G16) -> 1280 | F17: ='PowerHouse Data'!$R$7 -> 3492168 | G17: ='PowerHouse Data'!$R$8 -> 502219 | H17: =Table1135[[#This Row],[MILLING]]-F16 -> 0 | I17: =Table1135[[#This Row],[UTILITY / PARBOILING]]-G16 -> 1280 | J17: =Table1135[[#This Row],[MILLING + UTILITY / PARBOILING]]-Table1135[[#This Row],[NEPA Consumption (KWH)]] -> 210 | K17: ='PowerHouse Data'!R17 -> 22.7
A18: ='PowerHouse Data'!$R$1 -> 46280 | B18: 7:00AM | C18: ='PowerHouse Data'!$S$6 -> 24340840 | D18: =Table1135[[#This Row],[NEPA FINAL]]-C17 -> 740 | E18: =(Table1135[[#This Row],[MILLING]]-F17)+(Table1135[[#This Row],[UTILITY / PARBOILING]]-G17) -> 894 | F18: ='PowerHouse Data'!$S$7 -> 3492168 | G18: ='PowerHouse Data'!$S$8 -> 503113 | H18: =Table1135[[#This Row],[MILLING]]-F17 -> 0 | I18: =Table1135[[#This Row],[UTILITY / PARBOILING]]-G17 -> 894 | J18: =Table1135[[#This Row],[MILLING + UTILITY / PARBOILING]]-Table1135[[#This Row],[NEPA Consumption (KWH)]] -> 154 | K18: ='PowerHouse Data'!S17 -> 18
A19: ='PowerHouse Data'!$S$1 -> 46281 | B19: 7:00AM | C19: ='PowerHouse Data'!$T$6 -> 0 | D19: =Table1135[[#This Row],[NEPA FINAL]]-C18 -> -24340840 | E19: =(Table1135[[#This Row],[MILLING]]-F18)+(Table1135[[#This Row],[UTILITY / PARBOILING]]-G18) -> -3995281 | F19: ='PowerHouse Data'!$T$7 -> 0 | G19: ='PowerHouse Data'!$T$8 -> 0 | H19: =Table1135[[#This Row],[MILLING]]-F18 -> -3492168 | I19: =Table1135[[#This Row],[UTILITY / PARBOILING]]-G18 -> -503113 | J19: =Table1135[[#This Row],[MILLING + UTILITY / PARBOILING]]-Table1135[[#This Row],[NEPA Consumption (KWH)]] -> 20345559 | K19: ='PowerHouse Data'!T17 -> 0
A20: ='PowerHouse Data'!$T$1 -> 46282 | B20: 7:00AM | C20: ='PowerHouse Data'!$U$6 -> 0 | D20: =Table1135[[#This Row],[NEPA FINAL]]-C19 -> 0 | E20: =(Table1135[[#This Row],[MILLING]]-F19)+(Table1135[[#This Row],[UTILITY / PARBOILING]]-G19) -> 0 | F20: ='PowerHouse Data'!$U$7 -> 0 | G20: ='PowerHouse Data'!$U$8 -> 0 | H20: =Table1135[[#This Row],[MILLING]]-F19 -> 0 | I20: =Table1135[[#This Row],[UTILITY / PARBOILING]]-G19 -> 0 | J20: =Table1135[[#This Row],[MILLING + UTILITY / PARBOILING]]-Table1135[[#This Row],[NEPA Consumption (KWH)]] -> 0 | K20: ='PowerHouse Data'!U17 -> 0
A21: ='PowerHouse Data'!$U$1 -> 46283 | B21: 7:00AM | C21: ='PowerHouse Data'!$V$6 -> 0 | D21: =Table1135[[#This Row],[NEPA FINAL]]-C20 -> 0 | E21: =(Table1135[[#This Row],[MILLING]]-F20)+(Table1135[[#This Row],[UTILITY / PARBOILING]]-G20) -> 0 | F21: ='PowerHouse Data'!$V$7 -> 0 | G21: ='PowerHouse Data'!$V$8 -> 0 | H21: =Table1135[[#This Row],[MILLING]]-F20 -> 0 | I21: =Table1135[[#This Row],[UTILITY / PARBOILING]]-G20 -> 0 | J21: =Table1135[[#This Row],[MILLING + UTILITY / PARBOILING]]-Table1135[[#This Row],[NEPA Consumption (KWH)]] -> 0 | K21: ='PowerHouse Data'!V17 -> 0
A22: ='PowerHouse Data'!$V$1 -> 46284 | B22: 7:00AM | C22: ='PowerHouse Data'!$W$6 -> 0 | D22: =Table1135[[#This Row],[NEPA FINAL]]-C21 -> 0 | E22: =(Table1135[[#This Row],[MILLING]]-F21)+(Table1135[[#This Row],[UTILITY / PARBOILING]]-G21) -> 0 | F22: ='PowerHouse Data'!$W$7 -> 0 | G22: ='PowerHouse Data'!$W$8 -> 0 | H22: =Table1135[[#This Row],[MILLING]]-F21 -> 0 | I22: =Table1135[[#This Row],[UTILITY / PARBOILING]]-G21 -> 0 | J22: =Table1135[[#This Row],[MILLING + UTILITY / PARBOILING]]-Table1135[[#This Row],[NEPA Consumption (KWH)]] -> 0 | K22: ='PowerHouse Data'!W17 -> 0
A23: ='PowerHouse Data'!$W$1 -> 46285 | B23: 7:00AM | C23: ='PowerHouse Data'!$X$6 -> 0 | D23: =Table1135[[#This Row],[NEPA FINAL]]-C22 -> 0 | E23: =(Table1135[[#This Row],[MILLING]]-F22)+(Table1135[[#This Row],[UTILITY / PARBOILING]]-G22) -> 0 | F23: ='PowerHouse Data'!$X$7 -> 0 | G23: ='PowerHouse Data'!$X$8 -> 0 | H23: =Table1135[[#This Row],[MILLING]]-F22 -> 0 | I23: =Table1135[[#This Row],[UTILITY / PARBOILING]]-G22 -> 0 | J23: =Table1135[[#This Row],[MILLING + UTILITY / PARBOILING]]-Table1135[[#This Row],[NEPA Consumption (KWH)]] -> 0 | K23: ='PowerHouse Data'!X17 -> 0
A24: ='PowerHouse Data'!$X$1 -> 46286 | B24: 7:00AM | C24: ='PowerHouse Data'!$Y$6 -> 0 | D24: =Table1135[[#This Row],[NEPA FINAL]]-C23 -> 0 | E24: =(Table1135[[#This Row],[MILLING]]-F23)+(Table1135[[#This Row],[UTILITY / PARBOILING]]-G23) -> 0 | F24: ='PowerHouse Data'!$Y$7 -> 0 | G24: ='PowerHouse Data'!$Y$8 -> 0 | H24: =Table1135[[#This Row],[MILLING]]-F23 -> 0 | I24: =Table1135[[#This Row],[UTILITY / PARBOILING]]-G23 -> 0 | J24: =Table1135[[#This Row],[MILLING + UTILITY / PARBOILING]]-Table1135[[#This Row],[NEPA Consumption (KWH)]] -> 0 | K24: ='PowerHouse Data'!Y17 -> 0
A25: ='PowerHouse Data'!$Y$1 -> 46287 | B25: 7:00AM | C25: ='PowerHouse Data'!$Z$6 -> 0 | D25: =Table1135[[#This Row],[NEPA FINAL]]-C24 -> 0 | E25: =(Table1135[[#This Row],[MILLING]]-F24)+(Table1135[[#This Row],[UTILITY / PARBOILING]]-G24) -> 0 | F25: ='PowerHouse Data'!$Z$7 -> 0 | G25: ='PowerHouse Data'!$Z$8 -> 0 | H25: =Table1135[[#This Row],[MILLING]]-F24 -> 0 | I25: =Table1135[[#This Row],[UTILITY / PARBOILING]]-G24 -> 0 | J25: =Table1135[[#This Row],[MILLING + UTILITY / PARBOILING]]-Table1135[[#This Row],[NEPA Consumption (KWH)]] -> 0 | K25: ='PowerHouse Data'!Z17 -> 0
A26: ='PowerHouse Data'!$Z$1 -> 46288 | B26: 7:00AM | C26: ='PowerHouse Data'!$AA$6 -> 0 | D26: =Table1135[[#This Row],[NEPA FINAL]]-C25 -> 0 | E26: =(Table1135[[#This Row],[MILLING]]-F25)+(Table1135[[#This Row],[UTILITY / PARBOILING]]-G25) -> 0 | F26: ='PowerHouse Data'!$AA$7 -> 0 | G26: ='PowerHouse Data'!$AA$8 -> 0 | H26: =Table1135[[#This Row],[MILLING]]-F25 -> 0 | I26: =Table1135[[#This Row],[UTILITY / PARBOILING]]-G25 -> 0 | J26: =Table1135[[#This Row],[MILLING + UTILITY / PARBOILING]]-Table1135[[#This Row],[NEPA Consumption (KWH)]] -> 0 | K26: ='PowerHouse Data'!AA17 -> 0
A27: ='PowerHouse Data'!$AA$1 -> 46289 | B27: 7:00AM | C27: ='PowerHouse Data'!$AB$6 -> 0 | D27: =Table1135[[#This Row],[NEPA FINAL]]-C26 -> 0 | E27: =(Table1135[[#This Row],[MILLING]]-F26)+(Table1135[[#This Row],[UTILITY / PARBOILING]]-G26) -> 0 | F27: ='PowerHouse Data'!$AB$7 -> 0 | G27: ='PowerHouse Data'!$AB$8 -> 0 | H27: =Table1135[[#This Row],[MILLING]]-F26 -> 0 | I27: =Table1135[[#This Row],[UTILITY / PARBOILING]]-G26 -> 0 | J27: =Table1135[[#This Row],[MILLING + UTILITY / PARBOILING]]-Table1135[[#This Row],[NEPA Consumption (KWH)]] -> 0 | K27: ='PowerHouse Data'!AB17 -> 0
A28: ='PowerHouse Data'!$AB$1 -> 46290 | B28: 7:00AM | C28: ='PowerHouse Data'!$AC$6 -> 0 | D28: =Table1135[[#This Row],[NEPA FINAL]]-C27 -> 0 | E28: =(Table1135[[#This Row],[MILLING]]-F27)+(Table1135[[#This Row],[UTILITY / PARBOILING]]-G27) -> 0 | F28: ='PowerHouse Data'!$AC$7 -> 0 | G28: ='PowerHouse Data'!$AC$8 -> 0 | H28: =Table1135[[#This Row],[MILLING]]-F27 -> 0 | I28: =Table1135[[#This Row],[UTILITY / PARBOILING]]-G27 -> 0 | J28: =Table1135[[#This Row],[MILLING + UTILITY / PARBOILING]]-Table1135[[#This Row],[NEPA Consumption (KWH)]] -> 0 | K28: ='PowerHouse Data'!AC17 -> 0
A29: ='PowerHouse Data'!$AC$1 -> 46291 | B29: 7:00AM | C29: ='PowerHouse Data'!$AD$6 -> 0 | D29: =Table1135[[#This Row],[NEPA FINAL]]-C28 -> 0 | E29: =(Table1135[[#This Row],[MILLING]]-F28)+(Table1135[[#This Row],[UTILITY / PARBOILING]]-G28) -> 0 | F29: ='PowerHouse Data'!$AD$7 -> 0 | G29: ='PowerHouse Data'!$AD$8 -> 0 | H29: =Table1135[[#This Row],[MILLING]]-F28 -> 0 | I29: =Table1135[[#This Row],[UTILITY / PARBOILING]]-G28 -> 0 | J29: =Table1135[[#This Row],[MILLING + UTILITY / PARBOILING]]-Table1135[[#This Row],[NEPA Consumption (KWH)]] -> 0 | K29: ='PowerHouse Data'!AD17 -> 0
A30: ='PowerHouse Data'!$AD$1 -> 46292 | B30: 7:00AM | C30: ='PowerHouse Data'!$AE$6 -> 0 | D30: =Table1135[[#This Row],[NEPA FINAL]]-C29 -> 0 | E30: =(Table1135[[#This Row],[MILLING]]-F29)+(Table1135[[#This Row],[UTILITY / PARBOILING]]-G29) -> 0 | F30: ='PowerHouse Data'!$AE$7 -> 0 | G30: ='PowerHouse Data'!$AE$8 -> 0 | H30: =Table1135[[#This Row],[MILLING]]-F29 -> 0 | I30: =Table1135[[#This Row],[UTILITY / PARBOILING]]-G29 -> 0 | J30: =Table1135[[#This Row],[MILLING + UTILITY / PARBOILING]]-Table1135[[#This Row],[NEPA Consumption (KWH)]] -> 0 | K30: ='PowerHouse Data'!AE17 -> 0
A31: ='PowerHouse Data'!$AE$1 -> 46293 | B31: 7:00AM | C31: ='PowerHouse Data'!$AF$6 -> 0 | D31: =Table1135[[#This Row],[NEPA FINAL]]-C30 -> 0 | E31: =(Table1135[[#This Row],[MILLING]]-F30)+(Table1135[[#This Row],[UTILITY / PARBOILING]]-G30) -> 0 | F31: ='PowerHouse Data'!$AF$7 -> 0 | G31: ='PowerHouse Data'!$AF$8 -> 0 | H31: =Table1135[[#This Row],[MILLING]]-F30 -> 0 | I31: =Table1135[[#This Row],[UTILITY / PARBOILING]]-G30 -> 0 | J31: =Table1135[[#This Row],[MILLING + UTILITY / PARBOILING]]-Table1135[[#This Row],[NEPA Consumption (KWH)]] -> 0 | K31: ='PowerHouse Data'!AF17 -> 0
A32: ='PowerHouse Data'!$AF$1 -> 46294 | B32: 7:00AM | C32: ='PowerHouse Data'!$AG$6 -> 0 | D32: =Table1135[[#This Row],[NEPA FINAL]]-C31 -> 0 | E32: =(Table1135[[#This Row],[MILLING]]-F31)+(Table1135[[#This Row],[UTILITY / PARBOILING]]-G31) -> 0 | F32: ='PowerHouse Data'!$AG$7 -> 0 | G32: ='PowerHouse Data'!$AG$8 -> 0 | H32: =Table1135[[#This Row],[MILLING]]-F31 -> 0 | I32: =Table1135[[#This Row],[UTILITY / PARBOILING]]-G31 -> 0 | J32: =Table1135[[#This Row],[MILLING + UTILITY / PARBOILING]]-Table1135[[#This Row],[NEPA Consumption (KWH)]] -> 0 | K32: ='PowerHouse Data'!AG17 -> 0
A33: ='PowerHouse Data'!$AG$1 -> 46295 | C33: ='PowerHouse Data'!$AH$6 -> 0 | D33: =Table1135[[#This Row],[NEPA FINAL]]-C32 -> 0 | E33: =(Table1135[[#This Row],[MILLING]]-F32)+(Table1135[[#This Row],[UTILITY / PARBOILING]]-G32) -> 0 | F33: ='PowerHouse Data'!$AH$7 -> 0 | G33: ='PowerHouse Data'!$AH$8 -> 0 | H33: =Table1135[[#This Row],[MILLING]]-F32 -> 0 | I33: =Table1135[[#This Row],[UTILITY / PARBOILING]]-G32 -> 0 | J33: =Table1135[[#This Row],[MILLING + UTILITY / PARBOILING]]-Table1135[[#This Row],[NEPA Consumption (KWH)]] -> 0 | K33: ='PowerHouse Data'!AH17 -> 0
A34: ='PowerHouse Data'!$AH$1 -> 46296 | C34: ='PowerHouse Data'!$AI$6 -> 0 | D34: =Table1135[[#This Row],[NEPA FINAL]]-C33 -> 0 | E34: =(Table1135[[#This Row],[MILLING]]-F33)+(Table1135[[#This Row],[UTILITY / PARBOILING]]-G33) -> 0 | F34: ='PowerHouse Data'!$AI$7 -> 0 | G34: ='PowerHouse Data'!$AI$8 -> 0 | H34: =Table1135[[#This Row],[MILLING]]-F33 -> 0 | I34: =Table1135[[#This Row],[UTILITY / PARBOILING]]-G33 -> 0 | J34: =Table1135[[#This Row],[MILLING + UTILITY / PARBOILING]]-Table1135[[#This Row],[NEPA Consumption (KWH)]] -> 0 | K34: ='PowerHouse Data'!AI17 -> 0
A35: ='PowerHouse Data'!$AI$1 -> 0 | C35: ='PowerHouse Data'!$AJ$6 -> 0 | D35: =Table1135[[#This Row],[NEPA FINAL]]-C34 -> 0 | E35: =(Table1135[[#This Row],[MILLING]]-F34)+(Table1135[[#This Row],[UTILITY / PARBOILING]]-G34) -> 0 | F35: ='PowerHouse Data'!$AJ$7 -> 0 | G35: ='PowerHouse Data'!$AJ$8 -> 0 | H35: =Table1135[[#This Row],[MILLING]]-F34 -> 0 | I35: =Table1135[[#This Row],[UTILITY / PARBOILING]]-G34 -> 0 | J35: =Table1135[[#This Row],[MILLING + UTILITY / PARBOILING]]-Table1135[[#This Row],[NEPA Consumption (KWH)]] -> 0 | K35: ='PowerHouse Data'!E47 -> 0
